Continent,Country,Emission_land,Emission_fossil,Year
Asia,afghanistan,9696750.0,171218.72,2017
Asia,afghanistan,10812552.0,5496.0,2018
Asia,afghanistan,11271856.0,190234.88,2019
Asia,afghanistan,11984979.0,96912.805,2020
Asia,afghanistan,12266184.0,16964.32,2021
Asia,afghanistan,12193308.0,45360.32,2022
Europe,albania,6032626.5,739578.4,2017
Europe,albania,5305724.0,410771.03,2018
Europe,albania,5097567.0,270623.03,2019
Europe,albania,5188564.0,169643.2,2020
Europe,albania,5022805.5,119153.28,2021
Europe,albania,5058494.5,103764.48,2022
Africa,algeria,167512780.0,2423186.5,2017
Africa,algeria,173575500.0,2299489.8,2018
Africa,algeria,180632640.0,2055430.8,2019
Africa,algeria,171885220.0,1992446.5,2020
Africa,algeria,182173860.0,1948661.9,2021
Africa,algeria,178270300.0,1925175.6,2022
Europe,andorra,460198.4,5129.5996,2017
Europe,andorra,488740.97,5899.04,2018
Europe,andorra,477712.3,5935.68,2019
Europe,andorra,367169.44,6558.56,2020
Europe,andorra,357916.4,5129.5996,2021
Europe,andorra,365310.75,3334.24,2022
Africa,angola,99461010.0,76843976.0,2017
Africa,angola,80356420.0,58921956.0,2018
Africa,angola,68065970.0,48843796.0,2019
Africa,angola,60412296.0,43647508.0,2020
Africa,angola,59276010.0,41770296.0,2021
Africa,angola,53262836.0,37192570.0,2022
North America,antigua and barbuda,610275.8,5715.84,2017
North America,antigua and barbuda,604999.7,10552.32,2018
North America,antigua and barbuda,626873.75,14326.24,2019
North America,antigua and barbuda,603863.8,15352.159,2020
North America,antigua and barbuda,581047.75,15645.279,2021
North America,antigua and barbuda,586620.0,15572.001,2022
South America,argentina,253212800.0,66313930.0,2017
South America,argentina,234329860.0,53730544.0,2018
South America,argentina,224380350.0,45868736.0,2019
South America,argentina,205745250.0,38865660.0,2020
South America,argentina,220729500.0,30985384.0,2021
South America,argentina,218890020.0,26025576.0,2022
Asia,armenia,6249979.5,709826.7,2017
Asia,armenia,6433057.5,607271.4,2018
Asia,armenia,6793149.5,509039.5,2019
Asia,armenia,7244601.0,445579.03,2020
Asia,armenia,7454982.0,390838.88,2021
Asia,armenia,6778593.5,370833.44,2022
Australia,australia,458144160.0,44488692.0,2017
Australia,australia,438925920.0,23575202.0,2018
Australia,australia,425544260.0,9732976.0,2019
Australia,australia,400012200.0,3327021.8,2020
Australia,australia,380450460.0,6156472.5,2021
Australia,australia,376877630.0,15401623.0,2022
Europe,austria,67720936.0,1887729.4,2017
Europe,austria,64747220.0,1824672.0,2018
Europe,austria,66160908.0,1795250.1,2019
Europe,austria,59957256.0,2163995.2,2020
Europe,austria,63929456.0,2089176.2,2021
Europe,austria,59629710.0,1858710.6,2022
Asia,azerbaijan,40491830.0,5884787.0,2017
Asia,azerbaijan,41630348.0,7054519.0,2018
Asia,azerbaijan,45221396.0,7483500.0,2019
Asia,azerbaijan,43746424.0,7597194.5,2020
Asia,azerbaijan,46237640.0,7904018.0,2021
Asia,azerbaijan,46217292.0,8154635.0,2022
North America,bahamas,2474958.8,34881.28,2017
North America,bahamas,2382332.8,39571.2,2018
North America,bahamas,2415455.2,39424.64,2019
North America,bahamas,2145345.2,38398.72,2020
North America,bahamas,2063737.9,36933.12,2021
North America,bahamas,2084972.1,35027.84,2022
Asia,bahrain,32835256.0,73.28,2017
Asia,bahrain,32636984.0,36.64,2018
Asia,bahrain,37583170.0,36.64,2019
Asia,bahrain,37395988.0,36.64,2020
Asia,bahrain,38122500.0,36.64,2021
Asia,bahrain,37795708.0,36.64,2022
Asia,bangladesh,88471464.0,7729684.5,2017
Asia,bangladesh,90503720.0,7948022.0,2018
Asia,bangladesh,109036460.0,8244586.0,2019
Asia,bangladesh,102089570.0,8474612.0,2020
Asia,bangladesh,107402750.0,8642460.0,2021
Asia,bangladesh,110902584.0,8799243.0,2022
North America,barbados,1482501.6,162095.36,2017
North America,barbados,1483052.2,172537.77,2018
North America,barbados,1531807.5,134908.47,2019
North America,barbados,1065078.2,168470.72,2020
North America,barbados,1044255.56,182137.45,2021
North America,barbados,1041283.06,191553.92,2022
Europe,belarus,63057870.0,3676018.0,2017
Europe,belarus,65389936.0,3233003.8,2018
Europe,belarus,65185720.0,3089374.8,2019
Europe,belarus,62399276.0,3343729.8,2020
Europe,belarus,64023984.0,3085784.2,2021
Europe,belarus,61927804.0,3126674.2,2022
Europe,belgium,102366530.0,3311486.5,2017
Europe,belgium,103057790.0,3090474.0,2018
Europe,belgium,102636440.0,3166172.5,2019
Europe,belgium,94161336.0,3059953.0,2020
Europe,belgium,98884560.0,3216479.0,2021
Europe,belgium,92951730.0,3346367.8,2022
North America,belize,6765282.5,6149730.5,2017
North America,belize,9653394.0,9048834.0,2018
North America,belize,7026452.5,6319300.5,2019
North America,belize,7207066.5,6593734.5,2020
North America,belize,9645223.0,8943164.0,2021
North America,belize,6878882.5,6153651.5,2022
Africa,benin,17133884.0,10329732.0,2017
Africa,benin,15106730.0,7672233.0,2018
Africa,benin,13040134.0,5923991.5,2019
Africa,benin,12552306.0,4807644.0,2020
Africa,benin,12306475.0,3993979.8,2021
Africa,benin,11834770.0,3402610.2,2022
Asia,bhutan,8645585.0,7304074.0,2017
Asia,bhutan,7978186.0,6500449.0,2018
Asia,bhutan,8007988.5,6549363.5,2019
Asia,bhutan,7254854.5,6335092.5,2020
Asia,bhutan,7499388.5,6437208.5,2021
Asia,bhutan,6955081.0,5899553.0,2022
South America,bolivia,60612544.0,38441296.0,2017
South America,bolivia,44550276.0,22048634.0,2018
South America,bolivia,39835510.0,17230400.0,2019
South America,bolivia,29809942.0,11483636.0,2020
South America,bolivia,30625668.0,8899673.0,2021
South America,bolivia,28073076.0,6579335.0,2022
Europe,bosnia and herzegovina,22590614.0,434440.47,2017
Europe,bosnia and herzegovina,22665086.0,590050.56,2018
Europe,bosnia and herzegovina,21658228.0,847849.56,2019
Europe,bosnia and herzegovina,21933100.0,1101288.5,2020
Europe,bosnia and herzegovina,21306248.0,1368284.1,2021
Europe,bosnia and herzegovina,21366704.0,1630993.0,2022
Africa,botswana,5756496.5,1320835.4,2017
Africa,botswana,5809146.0,1695112.9,2018
Africa,botswana,4894847.5,1887216.5,2019
Africa,botswana,3521324.0,2029636.1,2020
Africa,botswana,3993696.0,2142744.0,2021
Africa,botswana,5237126.0,2230166.8,2022
South America,brazil,1586351400.0,1089230000.0,2017
South America,brazil,1378641500.0,900642900.0,2018
South America,brazil,1712449300.0,1238985000.0,2019
South America,brazil,1472333800.0,1027829500.0,2020
South America,brazil,1655765200.0,1158559000.0,2021
South America,brazil,1596468700.0,1112991500.0,2022
Asia,brunei,11252770.0,1943385.5,2017
Asia,brunei,10729563.0,1385101.9,2018
Asia,brunei,12159811.0,1427054.8,2019
Asia,brunei,12500589.0,1398658.6,2020
Asia,brunei,12580426.0,1278589.5,2021
Asia,brunei,12024693.0,1271005.0,2022
Europe,bulgaria,42161064.0,5269528.0,2017
Europe,bulgaria,38024344.0,5455293.0,2018
Europe,bulgaria,36843480.0,5389231.0,2019
Europe,bulgaria,31149400.0,5384211.5,2020
Europe,bulgaria,37070284.0,5211600.0,2021
Europe,bulgaria,41167570.0,4979926.0,2022
Africa,burkina faso,5579877.0,1060838.0,2017
Africa,burkina faso,5226319.5,216249.28,2018
Africa,burkina faso,5003421.0,504093.16,2019
Africa,burkina faso,4153098.5,1041015.6,2020
Africa,burkina faso,4495419.5,1383306.5,2021
Africa,burkina faso,4144787.5,1817380.6,2022
Africa,burundi,3548620.5,3035660.5,2017
Africa,burundi,3361567.5,2716489.5,2018
Africa,burundi,3114473.5,2425641.5,2019
Africa,burundi,2989162.8,2253396.8,2020
Africa,burundi,2867851.5,2067851.6,2021
Africa,burundi,2721135.0,1922684.0,2022
Asia,cambodia,46449016.0,33973490.0,2017
Asia,cambodia,44366184.0,30432340.0,2018
Asia,cambodia,48414970.0,30195392.0,2019
Asia,cambodia,48514064.0,29479846.0,2020
Asia,cambodia,49613976.0,29483586.0,2021
Asia,cambodia,48548200.0,28593160.0,2022
Africa,cameroon,42217744.0,32639680.0,2017
Africa,cameroon,35695904.0,26050416.0,2018
Africa,cameroon,33806948.0,24215120.0,2019
Africa,cameroon,34350440.0,24648828.0,2020
Africa,cameroon,33641196.0,23343454.0,2021
Africa,cameroon,31517372.0,21944722.0,2022
North America,canada,721879600.0,155227700.0,2017
North America,canada,713817340.0,136751070.0,2018
North America,canada,708518140.0,129930456.0,2019
North America,canada,645677440.0,122832130.0,2020
North America,canada,655622300.0,118448504.0,2021
North America,canada,665826500.0,117882600.0,2022
Africa,cape verde,436638.88,72657.12,2017
Africa,cape verde,441731.84,96876.164,2018
Africa,cape verde,448583.5,112008.484,2019
Africa,cape verde,396078.38,120545.61,2020
Africa,cape verde,430581.38,128276.63,2021
Africa,cape verde,434199.28,134578.72,2022
Africa,chad,17056188.0,14712022.0,2017
Africa,chad,14888998.0,12505488.0,2018
Africa,chad,14212452.0,11909319.0,2019
Africa,chad,14190846.0,11911627.0,2020
Africa,chad,14375399.0,11908843.0,2021
Africa,chad,13372380.0,11003176.0,2022
South America,chile,121540220.0,37401964.0,2017
South America,chile,119450770.0,35011900.0,2018
South America,chile,125062720.0,33085626.0,2019
South America,chile,110557550.0,30379396.0,2020
South America,chile,116752150.0,27715486.0,2021
South America,chile,109530900.0,25153178.0,2022
Asia,china,10472554000.0,461403140.0,2017
Asia,china,11050448000.0,696513540.0,2018
Asia,china,11471032000.0,749989950.0,2019
Asia,china,11743429000.0,829416260.0,2020
Asia,china,12240529000.0,904296300.0,2021
Asia,china,12378281000.0,981503740.0,2022
South America,colombia,149327970.0,57052950.0,2017
South America,colombia,134284430.0,47172388.0,2018
South America,colombia,132575650.0,38077716.0,2019
South America,colombia,125904900.0,36173572.0,2020
South America,colombia,133490000.0,37724800.0,2021
South America,colombia,136969020.0,37251150.0,2022
Africa,comoros,245634.56,21837.441,2017
Africa,comoros,275459.53,17660.48,2018
Africa,comoros,280405.9,31034.08,2019
Africa,comoros,333717.12,47338.88,2020
Africa,comoros,357825.03,57304.96,2021
Africa,comoros,349116.3,63643.684,2022
Africa,congo,25400336.0,19748960.0,2017
Africa,congo,19350624.0,12805680.0,2018
Africa,congo,16875168.0,9584987.0,2019
Africa,congo,15839260.0,8447755.0,2020
Africa,congo,15257544.0,8001663.5,2021
Africa,congo,14795288.0,7363357.5,2022
Oceania,cook islands,80608.0,0.0,2017
Oceania,cook islands,80608.0,0.0,2018
Oceania,cook islands,84272.0,0.0,2019
Oceania,cook islands,65952.0,0.0,2020
Oceania,cook islands,68819.0,0.0,2021
Oceania,cook islands,68043.0,0.0,2022
North America,costa rica,10438308.0,2409299.8,2017
North America,costa rica,10043002.0,2030625.5,2018
North America,costa rica,9510670.0,1812287.6,2019
North America,costa rica,8343390.0,1580209.9,2020
North America,costa rica,9019968.0,1364583.5,2021
North America,costa rica,9328280.0,1439585.6,2022
Africa,cote d'ivoire,42276470.0,30274568.0,2017
Africa,cote d'ivoire,28532102.0,18179668.0,2018
Africa,cote d'ivoire,27506144.0,16971062.0,2019
Africa,cote d'ivoire,27912504.0,16893898.0,2020
Africa,cote d'ivoire,27587592.0,15858196.0,2021
Africa,cote d'ivoire,27293372.0,15559213.0,2022
Europe,croatia,16178353.0,2565642.8,2017
Europe,croatia,14309268.0,3414884.5,2018
Europe,croatia,14366387.0,3491059.0,2019
Europe,croatia,13356239.0,3514289.0,2020
Europe,croatia,13869922.0,3540706.5,2021
Europe,croatia,13974498.0,3551588.5,2022
North America,cuba,19480056.0,5467494.0,2017
North America,cuba,15564094.0,7569054.5,2018
North America,cuba,14252404.0,8366414.5,2019
North America,cuba,12571841.0,8705261.0,2020
North America,cuba,12111609.0,8828811.0,2021
North America,cuba,12081805.0,8839217.0,2022
Asia,cyprus,6876425.0,627386.75,2017
Asia,cyprus,6759369.5,562350.7,2018
Asia,cyprus,6859091.0,483244.97,2019
Asia,cyprus,7128220.0,217311.84,2020
Asia,cyprus,6941092.0,88265.76,2021
Asia,cyprus,6957324.0,72034.24,2022
Europe,czechia,96267144.0,11509430.0,2017
Europe,czechia,94986580.0,11371811.0,2018
Europe,czechia,90067730.0,10964960.0,2019
Europe,czechia,81142700.0,10554665.0,2020
Europe,czechia,86539500.0,10125721.0,2021
Europe,czechia,88262410.0,9706889.0,2022
Africa,democratic republic of congo,665085000.0,661982500.0,2017
Africa,democratic republic of congo,540022400.0,536647300.0,2018
Africa,democratic republic of congo,382000400.0,378408220.0,2019
Africa,democratic republic of congo,498800350.0,495090620.0,2020
Africa,democratic republic of congo,560522430.0,556581760.0,2021
Africa,democratic republic of congo,516019140.0,512417540.0,2022
Europe,denmark,35862676.0,1198054.8,2017
Europe,denmark,35666424.0,1057467.1,2018
Europe,denmark,31870938.0,920653.25,2019
Europe,denmark,29105060.0,805383.8,2020
Europe,denmark,30326150.0,717850.9,2021
Europe,denmark,29710218.0,650909.6,2022
Africa,djibouti,468739.62,76980.64,2017
Africa,djibouti,510979.28,76101.28,2018
Africa,djibouti,524315.25,75698.24,2019
Africa,djibouti,458518.62,76064.64,2020
Africa,djibouti,531450.25,76614.24,2021
Africa,djibouti,530456.3,77420.32,2022
North America,dominica,27333.438,126554.56,2017
North America,dominica,39644.484,121571.516,2018
North America,dominica,56682.08,115525.92,2019
North America,dominica,47961.758,109590.24,2020
North America,dominica,47067.242,104753.76,2021
North America,dominica,53376.0,99844.0,2022
North America,dominican republic,23441528.0,575394.56,2017
North America,dominican republic,24686864.0,1069375.1,2018
North America,dominican republic,27376398.0,998293.5,2019
North America,dominican republic,22391348.0,1110302.0,2020
North America,dominican republic,22731304.0,1053546.5,2021
North America,dominican republic,22714068.0,923877.6,2022
Asia,east timor,4225064.0,3535393.8,2017
Asia,east timor,3353152.8,2736128.8,2018
Asia,east timor,3543500.2,2868069.2,2019
Asia,east timor,3833038.2,3186544.2,2020
Asia,east timor,3718447.2,3054750.2,2021
Asia,east timor,3745333.0,3076441.0,2022
South America,ecuador,42946108.0,3771905.0,2017
South America,ecuador,42081756.0,3652641.8,2018
South America,ecuador,40733852.0,668680.0,2019
South America,ecuador,31776218.0,1133202.0,2020
South America,ecuador,39582948.0,148721.77,2021
South America,ecuador,41178270.0,435136.62,2022
Africa,egypt,260342850.0,232260.97,2017
Africa,egypt,244204200.0,296307.7,2018
Africa,egypt,256483550.0,343390.06,2019
Africa,egypt,228049710.0,411760.3,2020
Africa,egypt,247328910.0,444516.5,2021
Africa,egypt,259401740.0,450085.78,2022
North America,el salvador,5648843.5,320856.47,2017
North America,el salvador,5876490.5,386112.3,2018
North America,el salvador,7110190.0,439460.16,2019
North America,el salvador,6153939.5,440559.38,2020
North America,el salvador,7002040.0,485589.94,2021
North America,el salvador,7215416.5,498963.5,2022
Africa,equatorial guinea,8707080.0,844955.06,2017
Africa,equatorial guinea,6924594.5,916146.56,2018
Africa,equatorial guinea,5774291.5,1136316.4,2019
Africa,equatorial guinea,6719083.0,1194280.8,2020
Africa,equatorial guinea,6785059.0,1155918.8,2021
Africa,equatorial guinea,6293639.0,1217437.2,2022
Africa,eritrea,5680468.5,5123407.5,2017
Africa,eritrea,6011548.0,5388535.0,2018
Africa,eritrea,6648219.0,6000130.0,2019
Africa,eritrea,6957610.0,6316699.0,2020
Africa,eritrea,7158483.5,6458056.5,2021
Africa,eritrea,7214166.0,6517340.0,2022
Europe,estonia,18703648.0,34734.72,2017
Europe,estonia,17867320.0,17513.92,2018
Europe,estonia,12544006.0,220023.2,2019
Europe,estonia,9760928.0,522046.72,2020
Europe,estonia,11247872.0,827954.06,2021
Europe,estonia,11412914.0,1101068.6,2022
Africa,eswatini,1421632.0,436016.0,2017
Africa,eswatini,1499492.0,466244.0,2018
Africa,eswatini,1656604.2,535420.3,2019
Africa,eswatini,1321458.2,229586.25,2020
Africa,eswatini,1275502.5,144068.48,2021
Africa,eswatini,1368444.1,103398.08,2022
Africa,ethiopia,225995100.0,210411420.0,2017
Africa,ethiopia,228510990.0,212522030.0,2018
Africa,ethiopia,241491730.0,224816740.0,2019
Africa,ethiopia,245779660.0,227969540.0,2020
Africa,ethiopia,245498060.0,226578580.0,2021
Africa,ethiopia,241371780.0,222298510.0,2022
Oceania,fiji,1636545.1,274690.1,2017
Oceania,fiji,1693700.6,283593.6,2018
Oceania,fiji,1669071.4,261023.36,2019
Oceania,fiji,1321980.8,281028.8,2020
Oceania,fiji,1392119.6,306383.66,2021
Oceania,fiji,1375802.0,301876.97,2022
Europe,finland,66059416.0,21405418.0,2017
Europe,finland,68349560.0,22619558.0,2018
Europe,finland,65324944.0,22870946.0,2019
Europe,finland,60668344.0,22933342.0,2020
Europe,finland,62710730.0,24763730.0,2021
Europe,finland,63538690.0,27375686.0,2022
Europe,france,322053570.0,14842351.0,2017
Europe,france,302721340.0,19357206.0,2018
Europe,france,297019780.0,18429958.0,2019
Europe,france,263456030.0,18083012.0,2020
Europe,france,290015940.0,16759796.0,2021
Europe,france,281911420.0,15622490.0,2022
Africa,gabon,20263460.0,14384241.0,2017
Africa,gabon,12958310.0,7484343.0,2018
Africa,gabon,11064736.0,5638712.5,2019
Africa,gabon,10515101.0,4586302.0,2020
Africa,gabon,10205980.0,4325608.5,2021
Africa,gabon,9813374.0,4107820.2,2022
Africa,gambia,636876.5,43308.48,2017
Africa,gambia,705320.0,56792.0,2018
Africa,gambia,758704.5,47888.48,2019
Africa,gambia,742326.4,42502.4,2020
Africa,gambia,793234.3,36200.32,2021
Africa,gambia,800993.1,30521.12,2022
Asia,georgia,280646.0,10453172.0,2017
Asia,georgia,591608.0,10654142.0,2018
Asia,georgia,115860.0,10770731.0,2019
Asia,georgia,576479.0,9998067.0,2020
Asia,georgia,664899.0,10391214.0,2021
Asia,georgia,626876.0,10466033.0,2022
Europe,germany,781652860.0,4333010.0,2017
Europe,germany,745749100.0,9062024.0,2018
Europe,germany,698699260.0,8792098.0,2019
Europe,germany,638599230.0,8653049.0,2020
Europe,germany,670440900.0,8358024.0,2021
Europe,germany,657515900.0,8088792.5,2022
Africa,ghana,13123353.0,685644.3,2017
Africa,ghana,16919954.0,1726586.8,2018
Africa,ghana,17852674.0,1434272.8,2019
Africa,ghana,20359408.0,1191166.4,2020
Africa,ghana,21963466.0,997377.44,2021
Africa,ghana,21474964.0,668020.5,2022
Europe,greece,50530024.0,24313424.0,2017
Europe,greece,50994804.0,20786092.0,2018
Europe,greece,42433764.0,23325720.0,2019
Europe,greece,30688450.0,24931322.0,2020
Europe,greece,31499352.0,26056976.0,2021
Europe,greece,32414146.0,27248618.0,2022
North America,grenada,169276.81,109187.195,2017
North America,grenada,202692.47,105083.52,2018
North America,grenada,241054.56,88705.445,2019
North America,grenada,197929.28,91526.72,2020
North America,grenada,240586.97,89255.04,2021
North America,grenada,254312.0,86104.0,2022
North America,guatemala,35982710.0,18662180.0,2017
North America,guatemala,38660380.0,20159584.0,2018
North America,guatemala,40302820.0,20801114.0,2019
North America,guatemala,39447380.0,22110482.0,2020
North America,guatemala,43461748.0,23778738.0,2021
North America,guatemala,43669096.0,24475850.0,2022
Africa,guinea,12075702.0,8836726.0,2017
Africa,guinea,11437908.0,8275876.5,2018
Africa,guinea,12416668.0,8495717.0,2019
Africa,guinea,13354511.0,8855119.0,2020
Africa,guinea,13759085.0,8891869.0,2021
Africa,guinea,13119314.0,8165700.5,2022
Africa,guinea-bissau,682090.25,377978.25,2017
Africa,guinea-bissau,570411.5,258971.52,2018
Africa,guinea-bissau,521350.56,198918.56,2019
Africa,guinea-bissau,504129.75,207345.75,2020
Africa,guinea-bissau,550485.7,229439.67,2021
Africa,guinea-bissau,534310.6,207565.61,2022
South America,guyana,6412834.5,4086019.5,2017
South America,guyana,7244328.5,4741362.5,2018
South America,guyana,8311065.5,5555283.5,2019
South America,guyana,9160846.0,5972466.5,2020
South America,guyana,9974946.0,6411047.5,2021
South America,guyana,10062524.0,6525400.5,2022
North America,haiti,4994242.5,1855046.6,2017
North America,haiti,4544022.5,1133861.5,2018
North America,haiti,4280074.5,1188601.6,2019
North America,haiti,3545076.2,1032515.2,2020
North America,haiti,3595388.5,1169988.5,2021
North America,haiti,3873589.0,1426908.1,2022
North America,honduras,30853138.0,20621652.0,2017
North America,honduras,30059792.0,20198534.0,2018
North America,honduras,31779550.0,20560756.0,2019
North America,honduras,30669332.0,21143222.0,2020
North America,honduras,33995224.0,23160364.0,2021
North America,honduras,35195820.0,24036096.0,2022
Europe,hungary,41680964.0,7899364.5,2017
Europe,hungary,42264740.0,7269669.0,2018
Europe,hungary,42454110.0,6856370.0,2019
Europe,hungary,40702748.0,6632719.5,2020
Europe,hungary,42278740.0,6285116.0,2021
Europe,hungary,38446772.0,5906844.5,2022
Europe,iceland,3959206.5,347017.44,2017
Europe,iceland,4009454.5,340495.5,2018
Europe,iceland,3876739.5,317998.56,2019
Europe,iceland,3647776.8,308215.7,2020
Europe,iceland,3821124.5,311073.6,2021
Europe,iceland,3867499.8,324996.78,2022
Asia,india,2547877600.0,121270700.0,2017
Asia,india,2718080300.0,125022424.0,2018
Asia,india,2708914700.0,96026696.0,2019
Asia,india,2494395000.0,72842664.0,2020
Asia,india,2725703200.0,51481324.0,2021
Asia,india,2864052200.0,34407930.0,2022
Asia,indonesia,1168160600.0,611216450.0,2017
Asia,indonesia,1114337000.0,520235680.0,2018
Asia,indonesia,1725195000.0,1074289200.0,2019
Asia,indonesia,1442075100.0,836090600.0,2020
Asia,indonesia,1504479700.0,888556300.0,2021
Asia,indonesia,1647496700.0,918613400.0,2022
Asia,iran,661289150.0,24112124.0,2017
Asia,iran,706720640.0,3494173.5,2018
Asia,iran,683863550.0,10802938.0,2019
Asia,iran,666420600.0,12586609.0,2020
Asia,iran,674845760.0,13230557.0,2021
Asia,iran,677453900.0,13181350.0,2022
Asia,iraq,188583900.0,11620815.0,2017
Asia,iraq,194211460.0,10457972.0,2018
Asia,iraq,200081730.0,10475229.0,2019
Asia,iraq,170631420.0,10791176.0,2020
Asia,iraq,179793600.0,11207260.0,2021
Asia,iraq,190600020.0,11519213.0,2022
Europe,ireland,31901490.0,7176786.5,2017
Europe,ireland,32383244.0,6629311.5,2018
Europe,ireland,31246552.0,6079199.0,2019
Europe,ireland,103431290.0,68307510.0,2020
Europe,ireland,76970900.0,39423612.0,2021
Europe,ireland,76318030.0,37534016.0,2022
Asia,israel,60407470.0,1565847.0,2017
Asia,israel,61675870.0,1690093.2,2018
Asia,israel,60443924.0,1784734.4,2019
Asia,israel,57567790.0,1870288.9,2020
Asia,israel,56793340.0,1944191.6,2021
Asia,israel,58121090.0,2002999.0,2022
Europe,italy,310855460.0,42563148.0,2017
Europe,italy,307649900.0,42177036.0,2018
Europe,italy,300025500.0,40377024.0,2019
Europe,italy,263102050.0,40179240.0,2020
Europe,italy,297446270.0,39783604.0,2021
Europe,italy,298672200.0,39425080.0,2022
North America,jamaica,8880954.0,1083408.1,2017
North America,jamaica,8471667.0,385232.97,2018
North America,jamaica,7998920.5,175505.6,2019
North America,jamaica,6479314.0,16707.84,2020
North America,jamaica,6520734.0,87642.875,2021
North America,jamaica,6335098.5,152495.69,2022
Asia,japan,1184881800.0,1920558.8,2017
Asia,japan,1140845700.0,823190.9,2018
Asia,japan,1105044100.0,504276.3,2019
Asia,japan,1041450240.0,1654332.6,2020
Asia,japan,1065054300.0,2925007.8,2021
Asia,japan,1058026900.0,4229025.5,2022
Asia,jordan,26392616.0,579095.2,2017
Asia,jordan,25357492.0,215516.48,2018
Asia,jordan,24762688.0,34075.2,2019
Asia,jordan,21055668.0,73096.805,2020
Asia,jordan,22376680.0,290628.47,2021
Asia,jordan,22662474.0,250104.64,2022
Asia,kazakhstan,283172380.0,10304084.0,2017
Asia,kazakhstan,291702620.0,15471496.0,2018
Asia,kazakhstan,259067580.0,16222177.0,2019
Asia,kazakhstan,239149250.0,16337226.0,2020
Asia,kazakhstan,239090610.0,16052314.0,2021
Asia,kazakhstan,255273500.0,15904764.0,2022
Africa,kenya,35586070.0,17876656.0,2017
Africa,kenya,34495360.0,15657372.0,2018
Africa,kenya,33437400.0,13638214.0,2019
Africa,kenya,32217928.0,10235567.0,2020
Africa,kenya,32775220.0,8317647.0,2021
Africa,kenya,31524836.0,6672913.5,2022
Oceania,kiribati,65952.0,0.0,2017
Oceania,kiribati,65952.0,0.0,2018
Oceania,kiribati,65952.0,0.0,2019
Oceania,kiribati,65952.0,0.0,2020
Oceania,kiribati,68819.0,0.0,2021
Oceania,kiribati,68043.0,0.0,2022
Asia,kuwait,103321700.0,8353.92,2017
Asia,kuwait,105554504.0,6631.8403,2018
Asia,kuwait,108899280.0,5825.76,2019
Asia,kuwait,97717864.0,5459.3604,2020
Asia,kuwait,103287960.0,5166.24,2021
Asia,kuwait,109194940.0,4946.4,2022
Asia,kyrgyzstan,9327879.0,32829.44,2017
Asia,kyrgyzstan,11191598.0,20078.719,2018
Asia,kyrgyzstan,9054333.0,8024.1597,2019
Asia,kyrgyzstan,8406704.0,57854.562,2020
Asia,kyrgyzstan,9499243.0,65439.035,2021
Asia,kyrgyzstan,9586005.0,136300.8,2022
Asia,laos,80818570.0,61134720.0,2017
Asia,laos,72862480.0,52304372.0,2018
Asia,laos,69162080.0,49627744.0,2019
Asia,laos,66900030.0,47225148.0,2020
Asia,laos,70401660.0,47034696.0,2021
Asia,laos,69779480.0,46586070.0,2022
Europe,latvia,9457352.0,2241048.8,2017
Europe,latvia,10256626.0,2393618.0,2018
Europe,latvia,10389707.0,2739060.0,2019
Europe,latvia,10141426.0,3141513.5,2020
Europe,latvia,10941209.0,3700713.2,2021
Europe,latvia,10582283.0,3990828.8,2022
Asia,lebanon,27599224.0,224859.69,2017
Asia,lebanon,25947266.0,212915.03,2018
Asia,lebanon,25456616.0,204744.31,2019
Asia,lebanon,22094066.0,185581.61,2020
Asia,lebanon,23312640.0,159200.81,2021
Asia,lebanon,23763202.0,141320.48,2022
Africa,lesotho,7713159.5,5199655.5,2017
Africa,lesotho,7999904.5,5629296.5,2018
Africa,lesotho,8356485.0,5967557.0,2019
Africa,lesotho,7990634.5,5817882.5,2020
Africa,lesotho,8017045.0,5536524.0,2021
Africa,lesotho,8408546.0,5273852.0,2022
Africa,liberia,15987793.0,15096925.0,2017
Africa,liberia,14853898.0,14432130.0,2018
Africa,liberia,15272924.0,14253326.0,2019
Africa,liberia,15116436.0,14347015.0,2020
Africa,liberia,15381950.0,14516695.0,2021
Africa,liberia,15622371.0,14745437.0,2022
Africa,libya,53015736.0,421286.72,2017
Africa,libya,53619030.0,400438.53,2018
Africa,libya,70151656.0,375779.84,2019
Africa,libya,46720016.0,348080.0,2020
Africa,libya,63601760.0,324044.16,2021
Africa,libya,62659132.0,302170.1,2022
Europe,liechtenstein,137558.92,18210.08,2017
Europe,liechtenstein,124446.8,18503.2,2018
Europe,liechtenstein,130335.6,18686.4,2019
Europe,liechtenstein,123132.68,18796.32,2020
Europe,liechtenstein,127014.4,18869.6,2021
Europe,liechtenstein,130991.125,18942.879,2022
Europe,lithuania,14553602.0,1267414.2,2017
Europe,lithuania,12991658.0,443087.53,2018
Europe,lithuania,12725025.0,952749.94,2019
Europe,lithuania,12420055.0,1118619.2,2020
Europe,lithuania,12564862.0,1264812.8,2021
Europe,lithuania,11264966.0,1402249.5,2022
Europe,luxembourg,9373479.0,105486.56,2017
Europe,luxembourg,9668253.0,94348.0,2018
Europe,luxembourg,9870969.0,101346.234,2019
Europe,luxembourg,8168999.5,101309.6,2020
Europe,luxembourg,8533514.0,103801.12,2021
Europe,luxembourg,7628752.0,104643.836,2022
Africa,madagascar,35385340.0,31266450.0,2017
Africa,madagascar,30779828.0,26988510.0,2018
Africa,madagascar,29020494.0,24764134.0,2019
Africa,madagascar,28319728.0,24355780.0,2020
Africa,madagascar,27998624.0,23731948.0,2021
Africa,madagascar,27279776.0,22876184.0,2022
Africa,malawi,6781695.5,5552022.5,2017
Africa,malawi,6666347.0,4943322.0,2018
Africa,malawi,6142714.0,4506207.0,2019
Africa,malawi,5939592.0,4068835.2,2020
Africa,malawi,5900778.0,3822358.2,2021
Africa,malawi,5670026.0,3575954.0,2022
Asia,malaysia,453531620.0,209426030.0,2017
Asia,malaysia,432174900.0,169967710.0,2018
Asia,malaysia,441881020.0,174386750.0,2019
Asia,malaysia,445364350.0,176115700.0,2020
Asia,malaysia,452977440.0,174116220.0,2021
Asia,malaysia,461066240.0,169994900.0,2022
Asia,maldives,1513415.2,183.2,2017
Asia,maldives,1740619.9,219.84,2018
Asia,maldives,1952985.2,73.28,2019
Asia,maldives,1648909.9,109.92,2020
Asia,maldives,1720578.9,109.92,2021
Asia,maldives,1701181.9,109.92,2022
Africa,mali,7691678.0,3035257.8,2017
Africa,mali,7526297.0,2617635.0,2018
Africa,mali,7837865.5,2005270.6,2019
Africa,mali,8807437.0,2388891.2,2020
Africa,mali,9428324.0,2500167.0,2021
Africa,mali,9301644.0,2262886.5,2022
Europe,malta,1506656.6,24182.4,2017
Europe,malta,1524421.2,22313.76,2018
Europe,malta,1628062.4,20701.602,2019
Europe,malta,1577964.0,19236.0,2020
Europe,malta,1588956.6,17770.4,2021
Europe,malta,1638785.5,16341.439,2022
Oceania,marshall islands,146560.0,0.0,2017
Oceania,marshall islands,146560.0,0.0,2018
Oceania,marshall islands,146560.0,0.0,2019
Oceania,marshall islands,146560.0,0.0,2020
Oceania,marshall islands,152931.0,0.0,2021
Oceania,marshall islands,151206.0,0.0,2022
Africa,mauritania,3323667.8,96253.28,2017
Africa,mauritania,3574849.0,89474.88,2018
Africa,mauritania,3723027.0,50892.96,2019
Africa,mauritania,4114159.2,4176.96,2020
Africa,mauritania,4494799.0,39791.04,2021
Africa,mauritania,4612864.0,78776.0,2022
Africa,mauritius,4660718.0,124685.93,2017
Africa,mauritius,4541711.0,82623.2,2018
Africa,mauritius,4435711.5,85664.32,2019
Africa,mauritius,3809717.2,2821.28,2020
Africa,mauritius,4122047.0,31217.28,2021
Africa,mauritius,4284855.0,35833.918,2022
North America,mexico,711126400.0,245505470.0,2017
North America,mexico,752269060.0,281983170.0,2018
North America,mexico,773325400.0,305003230.0,2019
North America,mexico,760773400.0,318484300.0,2020
North America,mexico,807686400.0,338895040.0,2021
North America,mexico,862685800.0,350713820.0,2022
Oceania,micronesia (country),142896.0,0.0,2017
Oceania,micronesia (country),142896.0,0.0,2018
Oceania,micronesia (country),146560.0,0.0,2019
Oceania,micronesia (country),146560.0,0.0,2020
Oceania,micronesia (country),152931.0,0.0,2021
Oceania,micronesia (country),151206.0,0.0,2022
Europe,moldova,1581682.5,3638828.5,2017
Europe,moldova,1466822.2,3978627.8,2018
Europe,moldova,1211604.0,4283399.0,2019
Europe,moldova,667422.5,4573807.5,2020
Europe,moldova,746292.5,4850659.5,2021
Europe,moldova,310704.5,5111316.5,2022
Asia,mongolia,33971860.0,163487.67,2017
Asia,mongolia,48189652.0,2874004.8,2018
Asia,mongolia,48911056.0,1656531.0,2019
Asia,mongolia,38844644.0,1767880.0,2020
Asia,mongolia,40066236.0,1809576.4,2021
Asia,mongolia,39760156.0,1865672.2,2022
Europe,montenegro,843452.75,2946588.8,2017
Europe,montenegro,544836.75,2944756.8,2018
Europe,montenegro,239405.75,2716269.8,2019
Europe,montenegro,186424.5,2593672.5,2020
Europe,montenegro,145841.0,2450593.0,2021
Europe,montenegro,13770.25,2306268.2,2022
Africa,morocco,58458012.0,2649108.8,2017
Africa,morocco,57218990.0,5090249.0,2018
Africa,morocco,62336360.0,6406760.5,2019
Africa,morocco,57580424.0,6980359.5,2020
Africa,morocco,65462664.0,7178289.0,2021
Africa,morocco,61195450.0,7216358.0,2022
Africa,mozambique,39146330.0,32240964.0,2017
Africa,mozambique,37135540.0,30125370.0,2018
Africa,mozambique,35456684.0,28355586.0,2019
Africa,mozambique,32009420.0,25633306.0,2020
Africa,mozambique,31044098.0,23853776.0,2021
Africa,mozambique,32685568.0,24682354.0,2022
Asia,myanmar,122913310.0,99283224.0,2017
Asia,myanmar,130611240.0,96594400.0,2018
Asia,myanmar,129362740.0,95745816.0,2019
Asia,myanmar,129987870.0,95378100.0,2020
Asia,myanmar,131253540.0,95634210.0,2021
Asia,myanmar,131303064.0,96380856.0,2022
Africa,namibia,7212462.0,2996309.2,2017
Africa,namibia,7305887.0,3150966.8,2018
Africa,namibia,7861316.0,3750250.8,2019
Africa,namibia,8064533.5,4382693.5,2020
Africa,namibia,8679622.0,4947279.5,2021
Africa,namibia,9428196.0,5475225.5,2022
Oceania,nauru,54960.0,0.0,2017
Oceania,nauru,54960.0,0.0,2018
Oceania,nauru,54960.0,0.0,2019
Oceania,nauru,51296.0,0.0,2020
Oceania,nauru,53526.0,0.0,2021
Oceania,nauru,52922.0,0.0,2022
Asia,nepal,28598700.0,16168865.0,2017
Asia,nepal,28258678.0,13459960.0,2018
Asia,nepal,28183404.0,14608515.0,2019
Asia,nepal,29942328.0,15039915.0,2020
Asia,nepal,30688816.0,15060543.0,2021
Asia,nepal,30086884.0,14586933.0,2022
Europe,netherlands,167322660.0,5120073.5,2017
Europe,netherlands,163010340.0,4876454.0,2018
Europe,netherlands,157202460.0,4693071.0,2019
Europe,netherlands,136767020.0,82403.36,2020
Europe,netherlands,140169900.0,262965.28,2021
Europe,netherlands,125692680.0,334449.9,2022
Oceania,new zealand,37293916.0,1606737.4,2017
Oceania,new zealand,37640470.0,1936277.5,2018
Oceania,new zealand,39560984.0,2682048.0,2019
Oceania,new zealand,36992430.0,2755108.2,2020
Oceania,new zealand,36893284.0,2575279.0,2021
Oceania,new zealand,34777052.0,2565239.5,2022
North America,nicaragua,17165000.0,11703696.0,2017
North America,nicaragua,12230870.0,7031655.5,2018
North America,nicaragua,11006102.0,5783550.5,2019
North America,nicaragua,9948686.0,5200278.5,2020
North America,nicaragua,10286649.0,4902542.0,2021
North America,nicaragua,10375768.0,4825414.5,2022
Africa,niger,30039116.0,27789316.0,2017
Africa,niger,28936356.0,27132946.0,2018
Africa,niger,29505868.0,26992504.0,2019
Africa,niger,29783304.0,26966600.0,2020
Africa,niger,29960730.0,26921754.0,2021
Africa,niger,29933560.0,26875404.0,2022
Africa,nigeria,123529030.0,10769851.0,2017
Africa,nigeria,119979220.0,14379625.0,2018
Africa,nigeria,140383600.0,13045965.0,2019
Africa,nigeria,134367570.0,10545395.0,2020
Africa,nigeria,139334800.0,8221540.0,2021
Africa,nigeria,134497950.0,5738483.5,2022
Oceania,niue,7328.0,0.0,2017
Oceania,niue,10992.0,0.0,2018
Oceania,niue,7328.0,0.0,2019
Oceania,niue,7328.0,0.0,2020
Oceania,niue,7647.0,0.0,2021
Oceania,niue,7560.0,0.0,2022
Asia,north korea,62455788.0,10719985.0,2017
Asia,north korea,58895410.0,11265554.0,2018
Asia,north korea,63728484.0,10964263.0,2019
Asia,north korea,60756256.0,10941913.0,2020
Asia,north korea,62085256.0,10748967.0,2021
Asia,north korea,61578176.0,10706538.0,2022
Europe,north macedonia,6509609.0,642519.0,2017
Europe,north macedonia,5950332.0,721624.8,2018
Europe,north macedonia,6820609.0,826158.75,2019
Europe,north macedonia,6060439.0,893832.75,2020
Europe,north macedonia,6754178.5,934686.44,2021
Europe,north macedonia,6626292.0,962129.75,2022
Europe,norway,51341676.0,7176676.5,2017
Europe,norway,51534264.0,7129264.5,2018
Europe,norway,50067064.0,7274066.0,2019
Europe,norway,48585124.0,7354124.0,2020
Europe,norway,48662750.0,7634750.0,2021
Europe,norway,48844324.0,8036324.5,2022
Oceania,oceania,538994900.0,80095010.0,2017
Oceania,oceania,517755870.0,56115810.0,2018
Oceania,oceania,503291520.0,39749308.0,2019
Oceania,oceania,471103520.0,29793086.0,2020
Oceania,oceania,454817280.0,23166704.0,2021
Oceania,oceania,448463140.0,13400385.0,2022
Asia,oman,69623950.0,393220.5,2017
Asia,oman,66570500.0,435063.38,2018
Asia,oman,59682524.0,460784.66,2019
Asia,oman,65925436.0,496581.9,2020
Asia,oman,71372020.0,503580.16,2021
Asia,oman,72498730.0,512337.1,2022
Asia,pakistan,235259710.0,19101276.0,2017
Asia,pakistan,225923410.0,20862486.0,2018
Asia,pakistan,227891260.0,21830040.0,2019
Asia,pakistan,222872260.0,22269462.0,2020
Asia,pakistan,245663310.0,22213184.0,2021
Asia,pakistan,222754690.0,22554778.0,2022
Oceania,palau,216176.0,0.0,2017
Oceania,palau,212512.0,0.0,2018
Oceania,palau,219840.0,0.0,2019
Oceania,palau,212512.0,0.0,2020
Oceania,palau,221749.0,0.0,2021
Oceania,palau,219249.0,0.0,2022
Asia,palestine,3569725.2,301437.28,2017
Asia,palestine,3195243.2,236108.16,2018
Asia,palestine,3477254.5,211852.48,2019
Asia,palestine,3532206.0,205293.92,2020
Asia,palestine,3639213.8,211522.72,2021
Asia,palestine,3725383.0,228487.05,2022
North America,panama,18040578.0,6817421.5,2017
North America,panama,15805377.0,5049395.0,2018
North America,panama,18622932.0,5242158.0,2019
North America,panama,15359340.0,5034995.5,2020
North America,panama,16525778.0,4818196.5,2021
North America,panama,16627377.0,4727476.0,2022
Oceania,papua new guinea,33340232.0,26680076.0,2017
Oceania,papua new guinea,33322602.0,25715746.0,2018
Oceania,papua new guinea,30974384.0,23157250.0,2019
Oceania,papua new guinea,27510882.0,19787030.0,2020
Oceania,papua new guinea,30901936.0,22955730.0,2021
Oceania,papua new guinea,30379310.0,22556170.0,2022
South America,paraguay,54046264.0,46113784.0,2017
South America,paraguay,42638092.0,34237550.0,2018
South America,paraguay,36605744.0,28469024.0,2019
South America,paraguay,32353100.0,24986832.0,2020
South America,paraguay,32155044.0,22890620.0,2021
South America,paraguay,30454096.0,21436048.0,2022
South America,peru,58308170.0,3449216.5,2017
South America,peru,53348050.0,2500203.8,2018
South America,peru,51250656.0,7114388.5,2019
South America,peru,31901650.0,15063546.0,2020
South America,peru,38756184.0,17713938.0,2021
South America,peru,40699276.0,20221836.0,2022
Asia,philippines,169637040.0,34486960.0,2017
Asia,philippines,170469070.0,28951242.0,2018
Asia,philippines,169653330.0,25493342.0,2019
Asia,philippines,158416350.0,25565304.0,2020
Asia,philippines,167484640.0,24730864.0,2021
Asia,philippines,174095500.0,23699522.0,2022
Europe,poland,289334820.0,47430590.0,2017
Europe,poland,298163740.0,37917160.0,2018
Europe,poland,277587800.0,40094710.0,2019
Europe,poland,263564030.0,38873060.0,2020
Europe,poland,293902430.0,37174724.0,2021
Europe,poland,287777340.0,35339976.0,2022
Europe,portugal,49864890.0,5241389.0,2017
Europe,portugal,45512344.0,5860385.0,2018
Europe,portugal,41229924.0,6264121.0,2019
Europe,portugal,35079884.0,6615315.5,2020
Europe,portugal,33117320.0,6821012.0,2021
Europe,portugal,34630460.0,6974570.5,2022
Asia,qatar,100104080.0,7181.44,2017
Asia,qatar,95454710.0,9233.28,2018
Asia,qatar,101008430.0,10552.32,2019
Asia,qatar,102491190.0,10039.359,2020
Asia,qatar,107207150.0,10992.0,2021
Asia,qatar,101328450.0,11908.0,2022
Europe,romania,64551180.0,15097732.0,2017
Europe,romania,63898640.0,16381048.0,2018
Europe,romania,59272160.0,17613066.0,2019
Europe,romania,55822650.0,18203888.0,2020
Europe,romania,57955756.0,19234828.0,2021
Europe,romania,53124204.0,20397084.0,2022
Asia,russia,2099360300.0,433238980.0,2017
Asia,russia,2158138400.0,445643970.0,2018
Asia,russia,1979891000.0,274860100.0,2019
Asia,russia,1906014700.0,273085440.0,2020
Asia,russia,2009503000.0,297509570.0,2021
Asia,russia,1965206800.0,313029470.0,2022
Africa,rwanda,2412333.0,1257265.0,2017
Africa,rwanda,2413603.8,1126203.8,2018
Africa,rwanda,2326400.0,953665.94,2019
Africa,rwanda,2241720.0,869906.9,2020
Africa,rwanda,2305407.8,751962.7,2021
Africa,rwanda,2198046.8,650286.7,2022
North America,saint kitts and nevis,172757.6,69066.4,2017
North America,saint kitts and nevis,176714.72,68773.28,2018
North America,saint kitts and nevis,185618.22,67197.766,2019
North America,saint kitts and nevis,165649.44,65182.562,2020
North America,saint kitts and nevis,159415.2,63020.8,2021
North America,saint kitts and nevis,163663.6,60822.4,2022
North America,saint lucia,383987.2,106988.805,2017
North America,saint lucia,401391.2,107904.8,2018
North America,saint lucia,396151.72,105816.32,2019
North America,saint lucia,380909.44,102738.555,2020
North America,saint lucia,366212.0,99844.0,2021
North America,saint lucia,373841.25,96509.76,2022
North America,saint vincent and the grenadines,190271.52,25904.479,2017
North America,saint vincent and the grenadines,209360.95,32463.041,2018
North America,saint vincent and the grenadines,190747.84,36420.16,2019
North America,saint vincent and the grenadines,206759.52,38728.48,2020
North America,saint vincent and the grenadines,195009.25,41549.758,2021
North America,saint vincent and the grenadines,195980.12,42758.88,2022
Oceania,samoa,38252.17,207235.83,2017
Oceania,samoa,41842.875,196317.12,2018
Oceania,samoa,85078.09,186057.9,2019
Oceania,samoa,65109.28,176714.72,2020
Oceania,samoa,84523.81,167811.2,2021
Oceania,samoa,89997.08,159493.92,2022
Africa,sao tome and principe,112631.36,26600.639,2017
Africa,sao tome and principe,113034.4,26197.6,2018
Africa,sao tome and principe,117504.48,25391.521,2019
Africa,sao tome and principe,117504.484,21727.52,2020
Africa,sao tome and principe,123685.36,22020.64,2021
Africa,sao tome and principe,113495.32,18759.68,2022
Asia,saudi arabia,684530600.0,3676641.0,2017
Asia,saudi arabia,690383100.0,3486772.2,2018
Asia,saudi arabia,710627300.0,3502088.0,2019
Asia,saudi arabia,614441600.0,3668689.8,2020
Asia,saudi arabia,635291300.0,3854015.0,2021
Asia,saudi arabia,666511900.0,3962469.5,2022
Africa,senegal,7844026.5,2916104.5,2017
Africa,senegal,8906253.0,2424139.0,2018
Africa,senegal,10645096.0,2067925.0,2019
Africa,senegal,9076338.0,1744613.6,2020
Africa,senegal,9872376.0,1667852.8,2021
Africa,senegal,10474521.0,1193914.4,2022
Europe,serbia,32856656.0,12672897.0,2017
Europe,serbia,31367530.0,12952826.0,2018
Europe,serbia,31493946.0,12784538.0,2019
Europe,serbia,32590406.0,12579354.0,2020
Europe,serbia,31572528.0,12333281.0,2021
Europe,serbia,31396208.0,12110436.0,2022
Africa,seychelles,575248.0,0.0,2017
Africa,seychelles,600896.0,0.0,2018
Africa,seychelles,593568.0,0.0,2019
Africa,seychelles,608224.0,0.0,2020
Africa,seychelles,662611.0,0.0,2021
Africa,seychelles,658828.0,0.0,2022
Africa,sierra leone,11504667.0,10416459.0,2017
Africa,sierra leone,10435225.0,9406038.0,2018
Africa,sierra leone,9898296.0,8894360.0,2019
Africa,sierra leone,9855244.0,8829324.0,2020
Africa,sierra leone,9163957.0,8054168.0,2021
Africa,sierra leone,8643546.0,7514058.0,2022
Asia,singapore,40143590.0,129046.086,2017
Asia,singapore,50164556.0,128972.8,2018
Asia,singapore,33944104.0,165686.08,2019
Asia,singapore,54995396.0,181954.25,2020
Asia,singapore,56024044.0,193349.28,2021
Asia,singapore,53453476.0,201043.67,2022
Europe,slovakia,35429364.0,684728.4,2017
Europe,slovakia,34903516.0,1202011.9,2018
Europe,slovakia,32159206.0,1619341.5,2019
Europe,slovakia,29125138.0,1971488.6,2020
Europe,slovakia,32903660.0,2263143.0,2021
Europe,slovakia,31651036.0,2500643.2,2022
Europe,slovenia,17068920.0,2452242.0,2017
Europe,slovenia,17167974.0,2648119.2,2018
Europe,slovenia,16416755.0,2377313.0,2019
Europe,slovenia,14891102.0,2036194.6,2020
Europe,slovenia,14763726.0,1703760.0,2021
Europe,slovenia,14076636.0,1361835.5,2022
Oceania,solomon islands,6844022.0,6558230.0,2017
Oceania,solomon islands,5666705.5,5377249.5,2018
Oceania,solomon islands,5239227.0,4946107.0,2019
Oceania,solomon islands,5035655.0,4746199.0,2020
Oceania,solomon islands,4906550.5,4604512.5,2021
Oceania,solomon islands,4783039.0,4484406.0,2022
Africa,somalia,17536892.0,16899356.0,2017
Africa,somalia,18251190.0,17613654.0,2018
Africa,somalia,19077934.0,18440398.0,2019
Africa,somalia,19979608.0,19382376.0,2020
Africa,somalia,21088648.0,20438012.0,2021
Africa,somalia,22226964.0,21580044.0,2022
Asia,south korea,649466500.0,5070793.0,2017
Asia,south korea,664408800.0,5759881.5,2018
Asia,south korea,640011460.0,6090777.0,2019
Asia,south korea,591512800.0,6121444.5,2020
Asia,south korea,609633860.0,6441165.5,2021
Asia,south korea,594387400.0,6611981.0,2022
Africa,south sudan,16110498.0,14655890.0,2017
Africa,south sudan,7716238.0,9452974.0,2018
Africa,south sudan,17457750.0,15677046.0,2019
Africa,south sudan,18135628.0,16442859.0,2020
Africa,south sudan,15045856.0,13201722.0,2021
Africa,south sudan,13347395.0,11513790.0,2022
Europe,spain,255303150.0,18289040.0,2017
Europe,spain,249668450.0,18932070.0,2018
Europe,spain,231261940.0,19398864.0,2019
Europe,spain,193951900.0,19673518.0,2020
Europe,spain,210309710.0,19959750.0,2021
Europe,spain,225618380.0,19995438.0,2022
Asia,sri lanka,31134672.0,8261770.0,2017
Asia,sri lanka,26792124.0,6695263.5,2018
Asia,sri lanka,27018092.0,5785932.5,2019
Asia,sri lanka,25837694.0,5213029.5,2020
Asia,sri lanka,24874436.0,4755835.0,2021
Asia,sri lanka,21698246.0,4371152.0,2022
Africa,sudan,49464310.0,28971284.0,2017
Africa,sudan,33870296.0,12115639.0,2018
Africa,sudan,38032644.0,16260136.0,2019
Africa,sudan,34949188.0,14421724.0,2020
Africa,sudan,33814570.0,11629463.0,2021
Africa,sudan,32000020.0,9986672.0,2022
South America,suriname,4661409.0,2235003.2,2017
South America,suriname,4300175.5,2210857.5,2018
South America,suriname,4919348.0,2283551.2,2019
South America,suriname,4790541.0,1872597.2,2020
South America,suriname,5458672.5,1776087.4,2021
South America,suriname,5362864.0,1776343.9,2022
Europe,sweden,48270070.0,5813485.5,2017
Europe,sweden,47317430.0,5280850.0,2018
Europe,sweden,46415460.0,5409419.5,2019
Europe,sweden,42195308.0,5508824.0,2020
Europe,sweden,44074136.0,5549348.0,2021
Europe,sweden,43668116.0,5617571.5,2022
Europe,switzerland,37755824.0,416267.03,2017
Europe,switzerland,36416830.0,450415.5,2018
Europe,switzerland,36196550.0,530364.0,2019
Europe,switzerland,33692292.0,542931.5,2020
Europe,switzerland,35298564.0,488777.56,2021
Europe,switzerland,34954736.0,425427.03,2022
Asia,syria,28031648.0,412016.8,2017
Asia,syria,31665888.0,758741.1,2018
Asia,syria,27966692.0,710413.0,2019
Asia,syria,25645344.0,667397.6,2020
Asia,syria,26580952.0,636070.44,2021
Asia,syria,27038464.0,596792.3,2022
Asia,tajikistan,6596695.0,261353.12,2017
Asia,tajikistan,7706174.0,354308.78,2018
Asia,tajikistan,8526395.0,330382.9,2019
Asia,tajikistan,8965886.0,333057.6,2020
Asia,tajikistan,9641459.0,338920.0,2021
Asia,tajikistan,9686928.0,330456.16,2022
Africa,tanzania,88121190.0,76887250.0,2017
Africa,tanzania,72386780.0,60548920.0,2018
Africa,tanzania,63306736.0,49563440.0,2019
Africa,tanzania,55276010.0,41107332.0,2020
Africa,tanzania,50647670.0,35230496.0,2021
Africa,tanzania,45734720.0,30164722.0,2022
Asia,thailand,342845400.0,59497788.0,2017
Asia,thailand,338711170.0,50364830.0,2018
Asia,thailand,327397700.0,45527360.0,2019
Asia,thailand,313852600.0,42000616.0,2020
Asia,thailand,306549540.0,39330510.0,2021
Asia,thailand,307979680.0,37233310.0,2022
Africa,togo,4037697.2,2046307.2,2017
Africa,togo,2989808.8,824619.8,2018
Africa,togo,2735084.0,320087.06,2019
Africa,togo,2432330.8,51112.797,2020
Africa,togo,2440554.0,115306.086,2021
Africa,togo,2348428.8,227131.36,2022
Oceania,tonga,153961.28,18393.28,2017
Oceania,tonga,151433.12,15865.12,2018
Oceania,tonga,174956.0,13740.0,2019
Oceania,tonga,195071.36,11871.36,2020
Oceania,tonga,201458.84,10295.84,2021
Oceania,tonga,197911.52,8903.5205,2022
North America,trinidad and tobago,39994436.0,323457.9,2017
North America,trinidad and tobago,40021936.0,305944.0,2018
North America,trinidad and tobago,40498564.0,284289.78,2019
North America,trinidad and tobago,34766260.0,263404.94,2020
North America,trinidad and tobago,35288190.0,244278.88,2021
North America,trinidad and tobago,34105190.0,226545.11,2022
Africa,tunisia,30922886.0,348739.5,2017
Africa,tunisia,30120262.0,1013792.2,2018
Africa,tunisia,28993864.0,1359600.5,2019
Africa,tunisia,26944104.0,1549359.0,2020
Africa,tunisia,33568444.0,1675840.2,2021
Africa,tunisia,33808532.0,1768246.4,2022
Asia,turkey,416890020.0,14010843.0,2017
Asia,turkey,381701900.0,40356724.0,2018
Asia,turkey,366625860.0,36066400.0,2019
Asia,turkey,378002500.0,34924370.0,2020
Asia,turkey,418462600.0,34240188.0,2021
Asia,turkey,402310820.0,33373800.0,2022
Asia,turkmenistan,63981360.0,378527.8,2017
Asia,turkmenistan,63476024.0,284179.84,2018
Asia,turkmenistan,65049220.0,275422.88,2019
Asia,turkmenistan,67444184.0,253292.33,2020
Asia,turkmenistan,69743144.0,231601.45,2021
Asia,turkmenistan,70747190.0,211156.31,2022
Oceania,tuvalu,10992.0,0.0,2017
Oceania,tuvalu,10992.0,0.0,2018
Oceania,tuvalu,10992.0,0.0,2019
Oceania,tuvalu,10992.0,0.0,2020
Oceania,tuvalu,11470.0,0.0,2021
Oceania,tuvalu,11340.0,0.0,2022
Africa,uganda,10413094.0,5025212.5,2017
Africa,uganda,10313828.0,4790827.0,2018
Africa,uganda,10214022.0,4482097.5,2019
Africa,uganda,9715331.0,4176923.2,2020
Africa,uganda,9743906.0,3691150.5,2021
Africa,uganda,9318026.0,3296244.2,2022
Europe,ukraine,231125570.0,8044752.0,2017
Europe,ukraine,237490100.0,5826273.0,2018
Europe,ukraine,226991420.0,5048259.0,2019
Europe,ukraine,211489660.0,4665811.0,2020
Europe,ukraine,214328800.0,4175494.5,2021
Europe,ukraine,145142260.0,3889263.0,2022
Asia,united arab emirates,212356540.0,133845.92,2017
Asia,united arab emirates,209172110.0,106402.555,2018
Asia,united arab emirates,219470320.0,86250.555,2019
Asia,united arab emirates,216877360.0,109040.64,2020
Asia,united arab emirates,237275580.0,26600.639,2021
Asia,united arab emirates,243892460.0,2748.0,2022
Europe,united kingdom,399686050.0,12318917.0,2017
Europe,united kingdom,393510460.0,13780707.0,2018
Europe,united kingdom,378680830.0,13927560.0,2019
Europe,united kingdom,341696060.0,15432878.0,2020
Europe,united kingdom,362887200.0,15422142.0,2021
Europe,united kingdom,334584960.0,15930595.0,2022
North America,united states,5357279700.0,145117550.0,2017
North America,united states,5486095000.0,108297544.0,2018
North America,united states,5374306000.0,112160720.0,2019
North America,united states,4829357600.0,114729256.0,2020
North America,united states,5159808500.0,127595576.0,2021
North America,united states,5199053000.0,141749500.0,2022
South America,uruguay,12708786.0,6546212.5,2017
South America,uruguay,12217487.0,5646517.0,2018
South America,uruguay,11358885.0,4868943.0,2019
South America,uruguay,11006166.0,4528997.5,2020
South America,uruguay,11659730.0,3557524.2,2021
South America,uruguay,10949754.0,3056655.5,2022
Asia,uzbekistan,107256530.0,1674374.6,2017
Asia,uzbekistan,100672136.0,1615970.6,2018
Asia,uzbekistan,107043976.0,1385101.9,2019
Asia,uzbekistan,108379250.0,1252721.6,2020
Asia,uzbekistan,115256760.0,1131186.8,2021
Asia,uzbekistan,119592990.0,1017199.6,2022
Oceania,vanuatu,818317.75,675421.75,2017
Oceania,vanuatu,412273.3,591809.3,2018
Oceania,vanuatu,692899.06,857779.06,2019
Oceania,vanuatu,736940.4,938460.4,2020
Oceania,vanuatu,750933.8,961213.8,2021
Oceania,vanuatu,747185.9,955094.9,2022
South America,venezuela,152200110.0,13973213.0,2017
South America,venezuela,113399820.0,12665349.0,2018
South America,venezuela,96677240.0,9065616.0,2019
South America,venezuela,69856220.0,7899987.0,2020
South America,venezuela,79176790.0,7563595.5,2021
South America,venezuela,84028920.0,7136922.5,2022
Asia,vietnam,483887940.0,254245440.0,2017
Asia,vietnam,504750850.0,247028580.0,2018
Asia,vietnam,589842600.0,248053820.0,2019
Asia,vietnam,613078850.0,249736200.0,2020
Asia,vietnam,605474560.0,252921500.0,2021
Asia,vietnam,595341950.0,251735300.0,2022
Asia,yemen,8042910.5,1651694.5,2017
Asia,yemen,9840730.0,1751245.4,2018
Asia,yemen,10036924.0,1800269.8,2019
Asia,yemen,9050300.0,1833685.5,2020
Asia,yemen,9726348.0,1861568.5,2021
Asia,yemen,9319126.0,2037220.6,2022
Africa,zambia,82199336.0,75349140.0,2017
Africa,zambia,78817610.0,71398240.0,2018
Africa,zambia,75433950.0,67683130.0,2019
Africa,zambia,72241224.0,64096880.0,2020
Africa,zambia,72002616.0,63339460.0,2021
Africa,zambia,69993630.0,61071740.0,2022
Africa,zimbabwe,18888970.0,9593341.0,2017
Africa,zimbabwe,19422790.0,8708192.0,2018
Africa,zimbabwe,17854144.0,8078717.0,2019
Africa,zimbabwe,15458631.0,7608992.0,2020
Africa,zimbabwe,15513038.0,7116880.0,2021
Africa,zimbabwe,15580118.0,6724136.5,2022
