Country,Year,Emission_land_use,Emission_fossil_use
afghanistan,2017,9696750.0,171218.72
afghanistan,2018,10812552.0,5496.0
afghanistan,2019,11271856.0,190234.88
afghanistan,2020,11984979.0,96912.805
afghanistan,2021,12266184.0,16964.32
afghanistan,2022,12193308.0,45360.32
albania,2017,6032626.5,739578.4
albania,2018,5305724.0,410771.03
albania,2019,5097567.0,270623.03
albania,2020,5188564.0,169643.2
albania,2021,5022805.5,119153.28
albania,2022,5058494.5,103764.48
algeria,2017,167512780.0,2423186.5
algeria,2018,173575500.0,2299489.8
algeria,2019,180632640.0,2055430.8
algeria,2020,171885220.0,1992446.5
algeria,2021,182173860.0,1948661.9
algeria,2022,178270300.0,1925175.6
andorra,2017,460198.4,5129.5996
andorra,2018,488740.97,5899.04
andorra,2019,477712.3,5935.68
andorra,2020,367169.44,6558.56
andorra,2021,357916.4,5129.5996
andorra,2022,365310.75,3334.24
angola,2017,99461010.0,76843976.0
angola,2018,80356420.0,58921956.0
angola,2019,68065970.0,48843796.0
angola,2020,60412296.0,43647508.0
angola,2021,59276010.0,41770296.0
angola,2022,53262836.0,37192570.0
antigua and barbuda,2017,610275.8,5715.84
antigua and barbuda,2018,604999.7,10552.32
antigua and barbuda,2019,626873.75,14326.24
antigua and barbuda,2020,603863.8,15352.159
antigua and barbuda,2021,581047.75,15645.279
antigua and barbuda,2022,586620.0,15572.001
argentina,2017,253212800.0,66313930.0
argentina,2018,234329860.0,53730544.0
argentina,2019,224380350.0,45868736.0
argentina,2020,205745250.0,38865660.0
argentina,2021,220729500.0,30985384.0
argentina,2022,218890020.0,26025576.0
armenia,2017,6249979.5,709826.7
armenia,2018,6433057.5,607271.4
armenia,2019,6793149.5,509039.5
armenia,2020,7244601.0,445579.03
armenia,2021,7454982.0,390838.88
armenia,2022,6778593.5,370833.44
australia,2017,458144160.0,44488692.0
australia,2018,438925920.0,23575202.0
australia,2019,425544260.0,9732976.0
australia,2020,400012200.0,3327021.8
australia,2021,380450460.0,6156472.5
australia,2022,376877630.0,15401623.0
austria,2017,67720936.0,1887729.4
austria,2018,64747220.0,1824672.0
austria,2019,66160908.0,1795250.1
austria,2020,59957256.0,2163995.2
austria,2021,63929456.0,2089176.2
austria,2022,59629710.0,1858710.6
azerbaijan,2017,40491830.0,5884787.0
azerbaijan,2018,41630348.0,7054519.0
azerbaijan,2019,45221396.0,7483500.0
azerbaijan,2020,43746424.0,7597194.5
azerbaijan,2021,46237640.0,7904018.0
azerbaijan,2022,46217292.0,8154635.0
bahamas,2017,2474958.8,34881.28
bahamas,2018,2382332.8,39571.2
bahamas,2019,2415455.2,39424.64
bahamas,2020,2145345.2,38398.72
bahamas,2021,2063737.9,36933.12
bahamas,2022,2084972.1,35027.84
bahrain,2017,32835256.0,73.28
bahrain,2018,32636984.0,36.64
bahrain,2019,37583170.0,36.64
bahrain,2020,37395988.0,36.64
bahrain,2021,38122500.0,36.64
bahrain,2022,37795708.0,36.64
bangladesh,2017,88471464.0,7729684.5
bangladesh,2018,90503720.0,7948022.0
bangladesh,2019,109036460.0,8244586.0
bangladesh,2020,102089570.0,8474612.0
bangladesh,2021,107402750.0,8642460.0
bangladesh,2022,110902584.0,8799243.0
barbados,2017,1482501.6,162095.36
barbados,2018,1483052.2,172537.77
barbados,2019,1531807.5,134908.47
barbados,2020,1065078.2,168470.72
barbados,2021,1044255.56,182137.45
barbados,2022,1041283.06,191553.92
belarus,2017,63057870.0,3676018.0
belarus,2018,65389936.0,3233003.8
belarus,2019,65185720.0,3089374.8
belarus,2020,62399276.0,3343729.8
belarus,2021,64023984.0,3085784.2
belarus,2022,61927804.0,3126674.2
belgium,2017,102366530.0,3311486.5
belgium,2018,103057790.0,3090474.0
belgium,2019,102636440.0,3166172.5
belgium,2020,94161336.0,3059953.0
belgium,2021,98884560.0,3216479.0
belgium,2022,92951730.0,3346367.8
belize,2017,6765282.5,6149730.5
belize,2018,9653394.0,9048834.0
belize,2019,7026452.5,6319300.5
belize,2020,7207066.5,6593734.5
belize,2021,9645223.0,8943164.0
belize,2022,6878882.5,6153651.5
benin,2017,17133884.0,10329732.0
benin,2018,15106730.0,7672233.0
benin,2019,13040134.0,5923991.5
benin,2020,12552306.0,4807644.0
benin,2021,12306475.0,3993979.8
benin,2022,11834770.0,3402610.2
bhutan,2017,8645585.0,7304074.0
bhutan,2018,7978186.0,6500449.0
bhutan,2019,8007988.5,6549363.5
bhutan,2020,7254854.5,6335092.5
bhutan,2021,7499388.5,6437208.5
bhutan,2022,6955081.0,5899553.0
bolivia,2017,60612544.0,38441296.0
bolivia,2018,44550276.0,22048634.0
bolivia,2019,39835510.0,17230400.0
bolivia,2020,29809942.0,11483636.0
bolivia,2021,30625668.0,8899673.0
bolivia,2022,28073076.0,6579335.0
bosnia and herzegovina,2017,22590614.0,434440.47
bosnia and herzegovina,2018,22665086.0,590050.56
bosnia and herzegovina,2019,21658228.0,847849.56
bosnia and herzegovina,2020,21933100.0,1101288.5
bosnia and herzegovina,2021,21306248.0,1368284.1
bosnia and herzegovina,2022,21366704.0,1630993.0
botswana,2017,5756496.5,1320835.4
botswana,2018,5809146.0,1695112.9
botswana,2019,4894847.5,1887216.5
botswana,2020,3521324.0,2029636.1
botswana,2021,3993696.0,2142744.0
botswana,2022,5237126.0,2230166.8
brazil,2017,1586351400.0,1089230000.0
brazil,2018,1378641500.0,900642900.0
brazil,2019,1712449300.0,1238985000.0
brazil,2020,1472333800.0,1027829500.0
brazil,2021,1655765200.0,1158559000.0
brazil,2022,1596468700.0,1112991500.0
brunei,2017,11252770.0,1943385.5
brunei,2018,10729563.0,1385101.9
brunei,2019,12159811.0,1427054.8
brunei,2020,12500589.0,1398658.6
brunei,2021,12580426.0,1278589.5
brunei,2022,12024693.0,1271005.0
bulgaria,2017,42161064.0,5269528.0
bulgaria,2018,38024344.0,5455293.0
bulgaria,2019,36843480.0,5389231.0
bulgaria,2020,31149400.0,5384211.5
bulgaria,2021,37070284.0,5211600.0
bulgaria,2022,41167570.0,4979926.0
burkina faso,2017,5579877.0,1060838.0
burkina faso,2018,5226319.5,216249.28
burkina faso,2019,5003421.0,504093.16
burkina faso,2020,4153098.5,1041015.6
burkina faso,2021,4495419.5,1383306.5
burkina faso,2022,4144787.5,1817380.6
burundi,2017,3548620.5,3035660.5
burundi,2018,3361567.5,2716489.5
burundi,2019,3114473.5,2425641.5
burundi,2020,2989162.8,2253396.8
burundi,2021,2867851.5,2067851.6
burundi,2022,2721135.0,1922684.0
cambodia,2017,46449016.0,33973490.0
cambodia,2018,44366184.0,30432340.0
cambodia,2019,48414970.0,30195392.0
cambodia,2020,48514064.0,29479846.0
cambodia,2021,49613976.0,29483586.0
cambodia,2022,48548200.0,28593160.0
cameroon,2017,42217744.0,32639680.0
cameroon,2018,35695904.0,26050416.0
cameroon,2019,33806948.0,24215120.0
cameroon,2020,34350440.0,24648828.0
cameroon,2021,33641196.0,23343454.0
cameroon,2022,31517372.0,21944722.0
canada,2017,721879600.0,155227700.0
canada,2018,713817340.0,136751070.0
canada,2019,708518140.0,129930456.0
canada,2020,645677440.0,122832130.0
canada,2021,655622300.0,118448504.0
canada,2022,665826500.0,117882600.0
cape verde,2017,436638.88,72657.12
cape verde,2018,441731.84,96876.164
cape verde,2019,448583.5,112008.484
cape verde,2020,396078.38,120545.61
cape verde,2021,430581.38,128276.63
cape verde,2022,434199.28,134578.72
chad,2017,17056188.0,14712022.0
chad,2018,14888998.0,12505488.0
chad,2019,14212452.0,11909319.0
chad,2020,14190846.0,11911627.0
chad,2021,14375399.0,11908843.0
chad,2022,13372380.0,11003176.0
chile,2017,121540220.0,37401964.0
chile,2018,119450770.0,35011900.0
chile,2019,125062720.0,33085626.0
chile,2020,110557550.0,30379396.0
chile,2021,116752150.0,27715486.0
chile,2022,109530900.0,25153178.0
china,2017,10472554000.0,461403140.0
china,2018,11050448000.0,696513540.0
china,2019,11471032000.0,749989950.0
china,2020,11743429000.0,829416260.0
china,2021,12240529000.0,904296300.0
china,2022,12378281000.0,981503740.0
colombia,2017,149327970.0,57052950.0
colombia,2018,134284430.0,47172388.0
colombia,2019,132575650.0,38077716.0
colombia,2020,125904900.0,36173572.0
colombia,2021,133490000.0,37724800.0
colombia,2022,136969020.0,37251150.0
comoros,2017,245634.56,21837.441
comoros,2018,275459.53,17660.48
comoros,2019,280405.9,31034.08
comoros,2020,333717.12,47338.88
comoros,2021,357825.03,57304.96
comoros,2022,349116.3,63643.684
congo,2017,25400336.0,19748960.0
congo,2018,19350624.0,12805680.0
congo,2019,16875168.0,9584987.0
congo,2020,15839260.0,8447755.0
congo,2021,15257544.0,8001663.5
congo,2022,14795288.0,7363357.5
cook islands,2017,80608.0,0.0
cook islands,2018,80608.0,0.0
cook islands,2019,84272.0,0.0
cook islands,2020,65952.0,0.0
cook islands,2021,68819.0,0.0
cook islands,2022,68043.0,0.0
costa rica,2017,10438308.0,2409299.8
costa rica,2018,10043002.0,2030625.5
costa rica,2019,9510670.0,1812287.6
costa rica,2020,8343390.0,1580209.9
costa rica,2021,9019968.0,1364583.5
costa rica,2022,9328280.0,1439585.6
cote d'ivoire,2017,42276470.0,30274568.0
cote d'ivoire,2018,28532102.0,18179668.0
cote d'ivoire,2019,27506144.0,16971062.0
cote d'ivoire,2020,27912504.0,16893898.0
cote d'ivoire,2021,27587592.0,15858196.0
cote d'ivoire,2022,27293372.0,15559213.0
croatia,2017,16178353.0,2565642.8
croatia,2018,14309268.0,3414884.5
croatia,2019,14366387.0,3491059.0
croatia,2020,13356239.0,3514289.0
croatia,2021,13869922.0,3540706.5
croatia,2022,13974498.0,3551588.5
cuba,2017,19480056.0,5467494.0
cuba,2018,15564094.0,7569054.5
cuba,2019,14252404.0,8366414.5
cuba,2020,12571841.0,8705261.0
cuba,2021,12111609.0,8828811.0
cuba,2022,12081805.0,8839217.0
cyprus,2017,6876425.0,627386.75
cyprus,2018,6759369.5,562350.7
cyprus,2019,6859091.0,483244.97
cyprus,2020,7128220.0,217311.84
cyprus,2021,6941092.0,88265.76
cyprus,2022,6957324.0,72034.24
czechia,2017,96267144.0,11509430.0
czechia,2018,94986580.0,11371811.0
czechia,2019,90067730.0,10964960.0
czechia,2020,81142700.0,10554665.0
czechia,2021,86539500.0,10125721.0
czechia,2022,88262410.0,9706889.0
democratic republic of congo,2017,665085000.0,661982500.0
democratic republic of congo,2018,540022400.0,536647300.0
democratic republic of congo,2019,382000400.0,378408220.0
democratic republic of congo,2020,498800350.0,495090620.0
democratic republic of congo,2021,560522430.0,556581760.0
democratic republic of congo,2022,516019140.0,512417540.0
denmark,2017,35862676.0,1198054.8
denmark,2018,35666424.0,1057467.1
denmark,2019,31870938.0,920653.25
denmark,2020,29105060.0,805383.8
denmark,2021,30326150.0,717850.9
denmark,2022,29710218.0,650909.6
djibouti,2017,468739.62,76980.64
djibouti,2018,510979.28,76101.28
djibouti,2019,524315.25,75698.24
djibouti,2020,458518.62,76064.64
djibouti,2021,531450.25,76614.24
djibouti,2022,530456.3,77420.32
dominica,2017,27333.438,126554.56
dominica,2018,39644.484,121571.516
dominica,2019,56682.08,115525.92
dominica,2020,47961.758,109590.24
dominica,2021,47067.242,104753.76
dominica,2022,53376.0,99844.0
dominican republic,2017,23441528.0,575394.56
dominican republic,2018,24686864.0,1069375.1
dominican republic,2019,27376398.0,998293.5
dominican republic,2020,22391348.0,1110302.0
dominican republic,2021,22731304.0,1053546.5
dominican republic,2022,22714068.0,923877.6
east timor,2017,4225064.0,3535393.8
east timor,2018,3353152.8,2736128.8
east timor,2019,3543500.2,2868069.2
east timor,2020,3833038.2,3186544.2
east timor,2021,3718447.2,3054750.2
east timor,2022,3745333.0,3076441.0
ecuador,2017,42946108.0,3771905.0
ecuador,2018,42081756.0,3652641.8
ecuador,2019,40733852.0,668680.0
ecuador,2020,31776218.0,1133202.0
ecuador,2021,39582948.0,148721.77
ecuador,2022,41178270.0,435136.62
egypt,2017,260342850.0,232260.97
egypt,2018,244204200.0,296307.7
egypt,2019,256483550.0,343390.06
egypt,2020,228049710.0,411760.3
egypt,2021,247328910.0,444516.5
egypt,2022,259401740.0,450085.78
el salvador,2017,5648843.5,320856.47
el salvador,2018,5876490.5,386112.3
el salvador,2019,7110190.0,439460.16
el salvador,2020,6153939.5,440559.38
el salvador,2021,7002040.0,485589.94
el salvador,2022,7215416.5,498963.5
equatorial guinea,2017,8707080.0,844955.06
equatorial guinea,2018,6924594.5,916146.56
equatorial guinea,2019,5774291.5,1136316.4
equatorial guinea,2020,6719083.0,1194280.8
equatorial guinea,2021,6785059.0,1155918.8
equatorial guinea,2022,6293639.0,1217437.2
eritrea,2017,5680468.5,5123407.5
eritrea,2018,6011548.0,5388535.0
eritrea,2019,6648219.0,6000130.0
eritrea,2020,6957610.0,6316699.0
eritrea,2021,7158483.5,6458056.5
eritrea,2022,7214166.0,6517340.0
estonia,2017,18703648.0,34734.72
estonia,2018,17867320.0,17513.92
estonia,2019,12544006.0,220023.2
estonia,2020,9760928.0,522046.72
estonia,2021,11247872.0,827954.06
estonia,2022,11412914.0,1101068.6
eswatini,2017,1421632.0,436016.0
eswatini,2018,1499492.0,466244.0
eswatini,2019,1656604.2,535420.3
eswatini,2020,1321458.2,229586.25
eswatini,2021,1275502.5,144068.48
eswatini,2022,1368444.1,103398.08
ethiopia,2017,225995100.0,210411420.0
ethiopia,2018,228510990.0,212522030.0
ethiopia,2019,241491730.0,224816740.0
ethiopia,2020,245779660.0,227969540.0
ethiopia,2021,245498060.0,226578580.0
ethiopia,2022,241371780.0,222298510.0
fiji,2017,1636545.1,274690.1
fiji,2018,1693700.6,283593.6
fiji,2019,1669071.4,261023.36
fiji,2020,1321980.8,281028.8
fiji,2021,1392119.6,306383.66
fiji,2022,1375802.0,301876.97
finland,2017,66059416.0,21405418.0
finland,2018,68349560.0,22619558.0
finland,2019,65324944.0,22870946.0
finland,2020,60668344.0,22933342.0
finland,2021,62710730.0,24763730.0
finland,2022,63538690.0,27375686.0
france,2017,322053570.0,14842351.0
france,2018,302721340.0,19357206.0
france,2019,297019780.0,18429958.0
france,2020,263456030.0,18083012.0
france,2021,290015940.0,16759796.0
france,2022,281911420.0,15622490.0
gabon,2017,20263460.0,14384241.0
gabon,2018,12958310.0,7484343.0
gabon,2019,11064736.0,5638712.5
gabon,2020,10515101.0,4586302.0
gabon,2021,10205980.0,4325608.5
gabon,2022,9813374.0,4107820.2
gambia,2017,636876.5,43308.48
gambia,2018,705320.0,56792.0
gambia,2019,758704.5,47888.48
gambia,2020,742326.4,42502.4
gambia,2021,793234.3,36200.32
gambia,2022,800993.1,30521.12
georgia,2017,280646.0,10453172.0
georgia,2018,591608.0,10654142.0
georgia,2019,115860.0,10770731.0
georgia,2020,576479.0,9998067.0
georgia,2021,664899.0,10391214.0
georgia,2022,626876.0,10466033.0
germany,2017,781652860.0,4333010.0
germany,2018,745749100.0,9062024.0
germany,2019,698699260.0,8792098.0
germany,2020,638599230.0,8653049.0
germany,2021,670440900.0,8358024.0
germany,2022,657515900.0,8088792.5
ghana,2017,13123353.0,685644.3
ghana,2018,16919954.0,1726586.8
ghana,2019,17852674.0,1434272.8
ghana,2020,20359408.0,1191166.4
ghana,2021,21963466.0,997377.44
ghana,2022,21474964.0,668020.5
greece,2017,50530024.0,24313424.0
greece,2018,50994804.0,20786092.0
greece,2019,42433764.0,23325720.0
greece,2020,30688450.0,24931322.0
greece,2021,31499352.0,26056976.0
greece,2022,32414146.0,27248618.0
grenada,2017,169276.81,109187.195
grenada,2018,202692.47,105083.52
grenada,2019,241054.56,88705.445
grenada,2020,197929.28,91526.72
grenada,2021,240586.97,89255.04
grenada,2022,254312.0,86104.0
guatemala,2017,35982710.0,18662180.0
guatemala,2018,38660380.0,20159584.0
guatemala,2019,40302820.0,20801114.0
guatemala,2020,39447380.0,22110482.0
guatemala,2021,43461748.0,23778738.0
guatemala,2022,43669096.0,24475850.0
guinea,2017,12075702.0,8836726.0
guinea,2018,11437908.0,8275876.5
guinea,2019,12416668.0,8495717.0
guinea,2020,13354511.0,8855119.0
guinea,2021,13759085.0,8891869.0
guinea,2022,13119314.0,8165700.5
guinea-bissau,2017,682090.25,377978.25
guinea-bissau,2018,570411.5,258971.52
guinea-bissau,2019,521350.56,198918.56
guinea-bissau,2020,504129.75,207345.75
guinea-bissau,2021,550485.7,229439.67
guinea-bissau,2022,534310.6,207565.61
guyana,2017,6412834.5,4086019.5
guyana,2018,7244328.5,4741362.5
guyana,2019,8311065.5,5555283.5
guyana,2020,9160846.0,5972466.5
guyana,2021,9974946.0,6411047.5
guyana,2022,10062524.0,6525400.5
haiti,2017,4994242.5,1855046.6
haiti,2018,4544022.5,1133861.5
haiti,2019,4280074.5,1188601.6
haiti,2020,3545076.2,1032515.2
haiti,2021,3595388.5,1169988.5
haiti,2022,3873589.0,1426908.1
honduras,2017,30853138.0,20621652.0
honduras,2018,30059792.0,20198534.0
honduras,2019,31779550.0,20560756.0
honduras,2020,30669332.0,21143222.0
honduras,2021,33995224.0,23160364.0
honduras,2022,35195820.0,24036096.0
hungary,2017,41680964.0,7899364.5
hungary,2018,42264740.0,7269669.0
hungary,2019,42454110.0,6856370.0
hungary,2020,40702748.0,6632719.5
hungary,2021,42278740.0,6285116.0
hungary,2022,38446772.0,5906844.5
iceland,2017,3959206.5,347017.44
iceland,2018,4009454.5,340495.5
iceland,2019,3876739.5,317998.56
iceland,2020,3647776.8,308215.7
iceland,2021,3821124.5,311073.6
iceland,2022,3867499.8,324996.78
india,2017,2547877600.0,121270700.0
india,2018,2718080300.0,125022424.0
india,2019,2708914700.0,96026696.0
india,2020,2494395000.0,72842664.0
india,2021,2725703200.0,51481324.0
india,2022,2864052200.0,34407930.0
indonesia,2017,1168160600.0,611216450.0
indonesia,2018,1114337000.0,520235680.0
indonesia,2019,1725195000.0,1074289200.0
indonesia,2020,1442075100.0,836090600.0
indonesia,2021,1504479700.0,888556300.0
indonesia,2022,1647496700.0,918613400.0
iran,2017,661289150.0,24112124.0
iran,2018,706720640.0,3494173.5
iran,2019,683863550.0,10802938.0
iran,2020,666420600.0,12586609.0
iran,2021,674845760.0,13230557.0
iran,2022,677453900.0,13181350.0
iraq,2017,188583900.0,11620815.0
iraq,2018,194211460.0,10457972.0
iraq,2019,200081730.0,10475229.0
iraq,2020,170631420.0,10791176.0
iraq,2021,179793600.0,11207260.0
iraq,2022,190600020.0,11519213.0
ireland,2017,31901490.0,7176786.5
ireland,2018,32383244.0,6629311.5
ireland,2019,31246552.0,6079199.0
ireland,2020,103431290.0,68307510.0
ireland,2021,76970900.0,39423612.0
ireland,2022,76318030.0,37534016.0
israel,2017,60407470.0,1565847.0
israel,2018,61675870.0,1690093.2
israel,2019,60443924.0,1784734.4
israel,2020,57567790.0,1870288.9
israel,2021,56793340.0,1944191.6
israel,2022,58121090.0,2002999.0
italy,2017,310855460.0,42563148.0
italy,2018,307649900.0,42177036.0
italy,2019,300025500.0,40377024.0
italy,2020,263102050.0,40179240.0
italy,2021,297446270.0,39783604.0
italy,2022,298672200.0,39425080.0
jamaica,2017,8880954.0,1083408.1
jamaica,2018,8471667.0,385232.97
jamaica,2019,7998920.5,175505.6
jamaica,2020,6479314.0,16707.84
jamaica,2021,6520734.0,87642.875
jamaica,2022,6335098.5,152495.69
japan,2017,1184881800.0,1920558.8
japan,2018,1140845700.0,823190.9
japan,2019,1105044100.0,504276.3
japan,2020,1041450240.0,1654332.6
japan,2021,1065054300.0,2925007.8
japan,2022,1058026900.0,4229025.5
jordan,2017,26392616.0,579095.2
jordan,2018,25357492.0,215516.48
jordan,2019,24762688.0,34075.2
jordan,2020,21055668.0,73096.805
jordan,2021,22376680.0,290628.47
jordan,2022,22662474.0,250104.64
kazakhstan,2017,283172380.0,10304084.0
kazakhstan,2018,291702620.0,15471496.0
kazakhstan,2019,259067580.0,16222177.0
kazakhstan,2020,239149250.0,16337226.0
kazakhstan,2021,239090610.0,16052314.0
kazakhstan,2022,255273500.0,15904764.0
kenya,2017,35586070.0,17876656.0
kenya,2018,34495360.0,15657372.0
kenya,2019,33437400.0,13638214.0
kenya,2020,32217928.0,10235567.0
kenya,2021,32775220.0,8317647.0
kenya,2022,31524836.0,6672913.5
kiribati,2017,65952.0,0.0
kiribati,2018,65952.0,0.0
kiribati,2019,65952.0,0.0
kiribati,2020,65952.0,0.0
kiribati,2021,68819.0,0.0
kiribati,2022,68043.0,0.0
kuwait,2017,103321700.0,8353.92
kuwait,2018,105554504.0,6631.8403
kuwait,2019,108899280.0,5825.76
kuwait,2020,97717864.0,5459.3604
kuwait,2021,103287960.0,5166.24
kuwait,2022,109194940.0,4946.4
kyrgyzstan,2017,9327879.0,32829.44
kyrgyzstan,2018,11191598.0,20078.719
kyrgyzstan,2019,9054333.0,8024.1597
kyrgyzstan,2020,8406704.0,57854.562
kyrgyzstan,2021,9499243.0,65439.035
kyrgyzstan,2022,9586005.0,136300.8
laos,2017,80818570.0,61134720.0
laos,2018,72862480.0,52304372.0
laos,2019,69162080.0,49627744.0
laos,2020,66900030.0,47225148.0
laos,2021,70401660.0,47034696.0
laos,2022,69779480.0,46586070.0
latvia,2017,9457352.0,2241048.8
latvia,2018,10256626.0,2393618.0
latvia,2019,10389707.0,2739060.0
latvia,2020,10141426.0,3141513.5
latvia,2021,10941209.0,3700713.2
latvia,2022,10582283.0,3990828.8
lebanon,2017,27599224.0,224859.69
lebanon,2018,25947266.0,212915.03
lebanon,2019,25456616.0,204744.31
lebanon,2020,22094066.0,185581.61
lebanon,2021,23312640.0,159200.81
lebanon,2022,23763202.0,141320.48
lesotho,2017,7713159.5,5199655.5
lesotho,2018,7999904.5,5629296.5
lesotho,2019,8356485.0,5967557.0
lesotho,2020,7990634.5,5817882.5
lesotho,2021,8017045.0,5536524.0
lesotho,2022,8408546.0,5273852.0
liberia,2017,15987793.0,15096925.0
liberia,2018,14853898.0,14432130.0
liberia,2019,15272924.0,14253326.0
liberia,2020,15116436.0,14347015.0
liberia,2021,15381950.0,14516695.0
liberia,2022,15622371.0,14745437.0
libya,2017,53015736.0,421286.72
libya,2018,53619030.0,400438.53
libya,2019,70151656.0,375779.84
libya,2020,46720016.0,348080.0
libya,2021,63601760.0,324044.16
libya,2022,62659132.0,302170.1
liechtenstein,2017,137558.92,18210.08
liechtenstein,2018,124446.8,18503.2
liechtenstein,2019,130335.6,18686.4
liechtenstein,2020,123132.68,18796.32
liechtenstein,2021,127014.4,18869.6
liechtenstein,2022,130991.125,18942.879
lithuania,2017,14553602.0,1267414.2
lithuania,2018,12991658.0,443087.53
lithuania,2019,12725025.0,952749.94
lithuania,2020,12420055.0,1118619.2
lithuania,2021,12564862.0,1264812.8
lithuania,2022,11264966.0,1402249.5
luxembourg,2017,9373479.0,105486.56
luxembourg,2018,9668253.0,94348.0
luxembourg,2019,9870969.0,101346.234
luxembourg,2020,8168999.5,101309.6
luxembourg,2021,8533514.0,103801.12
luxembourg,2022,7628752.0,104643.836
madagascar,2017,35385340.0,31266450.0
madagascar,2018,30779828.0,26988510.0
madagascar,2019,29020494.0,24764134.0
madagascar,2020,28319728.0,24355780.0
madagascar,2021,27998624.0,23731948.0
madagascar,2022,27279776.0,22876184.0
malawi,2017,6781695.5,5552022.5
malawi,2018,6666347.0,4943322.0
malawi,2019,6142714.0,4506207.0
malawi,2020,5939592.0,4068835.2
malawi,2021,5900778.0,3822358.2
malawi,2022,5670026.0,3575954.0
malaysia,2017,453531620.0,209426030.0
malaysia,2018,432174900.0,169967710.0
malaysia,2019,441881020.0,174386750.0
malaysia,2020,445364350.0,176115700.0
malaysia,2021,452977440.0,174116220.0
malaysia,2022,461066240.0,169994900.0
maldives,2017,1513415.2,183.2
maldives,2018,1740619.9,219.84
maldives,2019,1952985.2,73.28
maldives,2020,1648909.9,109.92
maldives,2021,1720578.9,109.92
maldives,2022,1701181.9,109.92
mali,2017,7691678.0,3035257.8
mali,2018,7526297.0,2617635.0
mali,2019,7837865.5,2005270.6
mali,2020,8807437.0,2388891.2
mali,2021,9428324.0,2500167.0
mali,2022,9301644.0,2262886.5
malta,2017,1506656.6,24182.4
malta,2018,1524421.2,22313.76
malta,2019,1628062.4,20701.602
malta,2020,1577964.0,19236.0
malta,2021,1588956.6,17770.4
malta,2022,1638785.5,16341.439
marshall islands,2017,146560.0,0.0
marshall islands,2018,146560.0,0.0
marshall islands,2019,146560.0,0.0
marshall islands,2020,146560.0,0.0
marshall islands,2021,152931.0,0.0
marshall islands,2022,151206.0,0.0
mauritania,2017,3323667.8,96253.28
mauritania,2018,3574849.0,89474.88
mauritania,2019,3723027.0,50892.96
mauritania,2020,4114159.2,4176.96
mauritania,2021,4494799.0,39791.04
mauritania,2022,4612864.0,78776.0
mauritius,2017,4660718.0,124685.93
mauritius,2018,4541711.0,82623.2
mauritius,2019,4435711.5,85664.32
mauritius,2020,3809717.2,2821.28
mauritius,2021,4122047.0,31217.28
mauritius,2022,4284855.0,35833.918
mexico,2017,711126400.0,245505470.0
mexico,2018,752269060.0,281983170.0
mexico,2019,773325400.0,305003230.0
mexico,2020,760773400.0,318484300.0
mexico,2021,807686400.0,338895040.0
mexico,2022,862685800.0,350713820.0
micronesia (country),2017,142896.0,0.0
micronesia (country),2018,142896.0,0.0
micronesia (country),2019,146560.0,0.0
micronesia (country),2020,146560.0,0.0
micronesia (country),2021,152931.0,0.0
micronesia (country),2022,151206.0,0.0
moldova,2017,1581682.5,3638828.5
moldova,2018,1466822.2,3978627.8
moldova,2019,1211604.0,4283399.0
moldova,2020,667422.5,4573807.5
moldova,2021,746292.5,4850659.5
moldova,2022,310704.5,5111316.5
mongolia,2017,33971860.0,163487.67
mongolia,2018,48189652.0,2874004.8
mongolia,2019,48911056.0,1656531.0
mongolia,2020,38844644.0,1767880.0
mongolia,2021,40066236.0,1809576.4
mongolia,2022,39760156.0,1865672.2
montenegro,2017,843452.75,2946588.8
montenegro,2018,544836.75,2944756.8
montenegro,2019,239405.75,2716269.8
montenegro,2020,186424.5,2593672.5
montenegro,2021,145841.0,2450593.0
montenegro,2022,13770.25,2306268.2
morocco,2017,58458012.0,2649108.8
morocco,2018,57218990.0,5090249.0
morocco,2019,62336360.0,6406760.5
morocco,2020,57580424.0,6980359.5
morocco,2021,65462664.0,7178289.0
morocco,2022,61195450.0,7216358.0
mozambique,2017,39146330.0,32240964.0
mozambique,2018,37135540.0,30125370.0
mozambique,2019,35456684.0,28355586.0
mozambique,2020,32009420.0,25633306.0
mozambique,2021,31044098.0,23853776.0
mozambique,2022,32685568.0,24682354.0
myanmar,2017,122913310.0,99283224.0
myanmar,2018,130611240.0,96594400.0
myanmar,2019,129362740.0,95745816.0
myanmar,2020,129987870.0,95378100.0
myanmar,2021,131253540.0,95634210.0
myanmar,2022,131303064.0,96380856.0
namibia,2017,7212462.0,2996309.2
namibia,2018,7305887.0,3150966.8
namibia,2019,7861316.0,3750250.8
namibia,2020,8064533.5,4382693.5
namibia,2021,8679622.0,4947279.5
namibia,2022,9428196.0,5475225.5
nauru,2017,54960.0,0.0
nauru,2018,54960.0,0.0
nauru,2019,54960.0,0.0
nauru,2020,51296.0,0.0
nauru,2021,53526.0,0.0
nauru,2022,52922.0,0.0
nepal,2017,28598700.0,16168865.0
nepal,2018,28258678.0,13459960.0
nepal,2019,28183404.0,14608515.0
nepal,2020,29942328.0,15039915.0
nepal,2021,30688816.0,15060543.0
nepal,2022,30086884.0,14586933.0
netherlands,2017,167322660.0,5120073.5
netherlands,2018,163010340.0,4876454.0
netherlands,2019,157202460.0,4693071.0
netherlands,2020,136767020.0,82403.36
netherlands,2021,140169900.0,262965.28
netherlands,2022,125692680.0,334449.9
new zealand,2017,37293916.0,1606737.4
new zealand,2018,37640470.0,1936277.5
new zealand,2019,39560984.0,2682048.0
new zealand,2020,36992430.0,2755108.2
new zealand,2021,36893284.0,2575279.0
new zealand,2022,34777052.0,2565239.5
nicaragua,2017,17165000.0,11703696.0
nicaragua,2018,12230870.0,7031655.5
nicaragua,2019,11006102.0,5783550.5
nicaragua,2020,9948686.0,5200278.5
nicaragua,2021,10286649.0,4902542.0
nicaragua,2022,10375768.0,4825414.5
niger,2017,30039116.0,27789316.0
niger,2018,28936356.0,27132946.0
niger,2019,29505868.0,26992504.0
niger,2020,29783304.0,26966600.0
niger,2021,29960730.0,26921754.0
niger,2022,29933560.0,26875404.0
nigeria,2017,123529030.0,10769851.0
nigeria,2018,119979220.0,14379625.0
nigeria,2019,140383600.0,13045965.0
nigeria,2020,134367570.0,10545395.0
nigeria,2021,139334800.0,8221540.0
nigeria,2022,134497950.0,5738483.5
niue,2017,7328.0,0.0
niue,2018,10992.0,0.0
niue,2019,7328.0,0.0
niue,2020,7328.0,0.0
niue,2021,7647.0,0.0
niue,2022,7560.0,0.0
north korea,2017,62455788.0,10719985.0
north korea,2018,58895410.0,11265554.0
north korea,2019,63728484.0,10964263.0
north korea,2020,60756256.0,10941913.0
north korea,2021,62085256.0,10748967.0
north korea,2022,61578176.0,10706538.0
north macedonia,2017,6509609.0,642519.0
north macedonia,2018,5950332.0,721624.8
north macedonia,2019,6820609.0,826158.75
north macedonia,2020,6060439.0,893832.75
north macedonia,2021,6754178.5,934686.44
north macedonia,2022,6626292.0,962129.75
norway,2017,51341676.0,7176676.5
norway,2018,51534264.0,7129264.5
norway,2019,50067064.0,7274066.0
norway,2020,48585124.0,7354124.0
norway,2021,48662750.0,7634750.0
norway,2022,48844324.0,8036324.5
oceania,2017,538994900.0,80095010.0
oceania,2018,517755870.0,56115810.0
oceania,2019,503291520.0,39749308.0
oceania,2020,471103520.0,29793086.0
oceania,2021,454817280.0,23166704.0
oceania,2022,448463140.0,13400385.0
oman,2017,69623950.0,393220.5
oman,2018,66570500.0,435063.38
oman,2019,59682524.0,460784.66
oman,2020,65925436.0,496581.9
oman,2021,71372020.0,503580.16
oman,2022,72498730.0,512337.1
pakistan,2017,235259710.0,19101276.0
pakistan,2018,225923410.0,20862486.0
pakistan,2019,227891260.0,21830040.0
pakistan,2020,222872260.0,22269462.0
pakistan,2021,245663310.0,22213184.0
pakistan,2022,222754690.0,22554778.0
palau,2017,216176.0,0.0
palau,2018,212512.0,0.0
palau,2019,219840.0,0.0
palau,2020,212512.0,0.0
palau,2021,221749.0,0.0
palau,2022,219249.0,0.0
palestine,2017,3569725.2,301437.28
palestine,2018,3195243.2,236108.16
palestine,2019,3477254.5,211852.48
palestine,2020,3532206.0,205293.92
palestine,2021,3639213.8,211522.72
palestine,2022,3725383.0,228487.05
panama,2017,18040578.0,6817421.5
panama,2018,15805377.0,5049395.0
panama,2019,18622932.0,5242158.0
panama,2020,15359340.0,5034995.5
panama,2021,16525778.0,4818196.5
panama,2022,16627377.0,4727476.0
papua new guinea,2017,33340232.0,26680076.0
papua new guinea,2018,33322602.0,25715746.0
papua new guinea,2019,30974384.0,23157250.0
papua new guinea,2020,27510882.0,19787030.0
papua new guinea,2021,30901936.0,22955730.0
papua new guinea,2022,30379310.0,22556170.0
paraguay,2017,54046264.0,46113784.0
paraguay,2018,42638092.0,34237550.0
paraguay,2019,36605744.0,28469024.0
paraguay,2020,32353100.0,24986832.0
paraguay,2021,32155044.0,22890620.0
paraguay,2022,30454096.0,21436048.0
peru,2017,58308170.0,3449216.5
peru,2018,53348050.0,2500203.8
peru,2019,51250656.0,7114388.5
peru,2020,31901650.0,15063546.0
peru,2021,38756184.0,17713938.0
peru,2022,40699276.0,20221836.0
philippines,2017,169637040.0,34486960.0
philippines,2018,170469070.0,28951242.0
philippines,2019,169653330.0,25493342.0
philippines,2020,158416350.0,25565304.0
philippines,2021,167484640.0,24730864.0
philippines,2022,174095500.0,23699522.0
poland,2017,289334820.0,47430590.0
poland,2018,298163740.0,37917160.0
poland,2019,277587800.0,40094710.0
poland,2020,263564030.0,38873060.0
poland,2021,293902430.0,37174724.0
poland,2022,287777340.0,35339976.0
portugal,2017,49864890.0,5241389.0
portugal,2018,45512344.0,5860385.0
portugal,2019,41229924.0,6264121.0
portugal,2020,35079884.0,6615315.5
portugal,2021,33117320.0,6821012.0
portugal,2022,34630460.0,6974570.5
qatar,2017,100104080.0,7181.44
qatar,2018,95454710.0,9233.28
qatar,2019,101008430.0,10552.32
qatar,2020,102491190.0,10039.359
qatar,2021,107207150.0,10992.0
qatar,2022,101328450.0,11908.0
romania,2017,64551180.0,15097732.0
romania,2018,63898640.0,16381048.0
romania,2019,59272160.0,17613066.0
romania,2020,55822650.0,18203888.0
romania,2021,57955756.0,19234828.0
romania,2022,53124204.0,20397084.0
russia,2017,2099360300.0,433238980.0
russia,2018,2158138400.0,445643970.0
russia,2019,1979891000.0,274860100.0
russia,2020,1906014700.0,273085440.0
russia,2021,2009503000.0,297509570.0
russia,2022,1965206800.0,313029470.0
rwanda,2017,2412333.0,1257265.0
rwanda,2018,2413603.8,1126203.8
rwanda,2019,2326400.0,953665.94
rwanda,2020,2241720.0,869906.9
rwanda,2021,2305407.8,751962.7
rwanda,2022,2198046.8,650286.7
saint kitts and nevis,2017,172757.6,69066.4
saint kitts and nevis,2018,176714.72,68773.28
saint kitts and nevis,2019,185618.22,67197.766
saint kitts and nevis,2020,165649.44,65182.562
saint kitts and nevis,2021,159415.2,63020.8
saint kitts and nevis,2022,163663.6,60822.4
saint lucia,2017,383987.2,106988.805
saint lucia,2018,401391.2,107904.8
saint lucia,2019,396151.72,105816.32
saint lucia,2020,380909.44,102738.555
saint lucia,2021,366212.0,99844.0
saint lucia,2022,373841.25,96509.76
saint vincent and the grenadines,2017,190271.52,25904.479
saint vincent and the grenadines,2018,209360.95,32463.041
saint vincent and the grenadines,2019,190747.84,36420.16
saint vincent and the grenadines,2020,206759.52,38728.48
saint vincent and the grenadines,2021,195009.25,41549.758
saint vincent and the grenadines,2022,195980.12,42758.88
samoa,2017,38252.17,207235.83
samoa,2018,41842.875,196317.12
samoa,2019,85078.09,186057.9
samoa,2020,65109.28,176714.72
samoa,2021,84523.81,167811.2
samoa,2022,89997.08,159493.92
sao tome and principe,2017,112631.36,26600.639
sao tome and principe,2018,113034.4,26197.6
sao tome and principe,2019,117504.48,25391.521
sao tome and principe,2020,117504.484,21727.52
sao tome and principe,2021,123685.36,22020.64
sao tome and principe,2022,113495.32,18759.68
saudi arabia,2017,684530600.0,3676641.0
saudi arabia,2018,690383100.0,3486772.2
saudi arabia,2019,710627300.0,3502088.0
saudi arabia,2020,614441600.0,3668689.8
saudi arabia,2021,635291300.0,3854015.0
saudi arabia,2022,666511900.0,3962469.5
senegal,2017,7844026.5,2916104.5
senegal,2018,8906253.0,2424139.0
senegal,2019,10645096.0,2067925.0
senegal,2020,9076338.0,1744613.6
senegal,2021,9872376.0,1667852.8
senegal,2022,10474521.0,1193914.4
serbia,2017,32856656.0,12672897.0
serbia,2018,31367530.0,12952826.0
serbia,2019,31493946.0,12784538.0
serbia,2020,32590406.0,12579354.0
serbia,2021,31572528.0,12333281.0
serbia,2022,31396208.0,12110436.0
seychelles,2017,575248.0,0.0
seychelles,2018,600896.0,0.0
seychelles,2019,593568.0,0.0
seychelles,2020,608224.0,0.0
seychelles,2021,662611.0,0.0
seychelles,2022,658828.0,0.0
sierra leone,2017,11504667.0,10416459.0
sierra leone,2018,10435225.0,9406038.0
sierra leone,2019,9898296.0,8894360.0
sierra leone,2020,9855244.0,8829324.0
sierra leone,2021,9163957.0,8054168.0
sierra leone,2022,8643546.0,7514058.0
singapore,2017,40143590.0,129046.086
singapore,2018,50164556.0,128972.8
singapore,2019,33944104.0,165686.08
singapore,2020,54995396.0,181954.25
singapore,2021,56024044.0,193349.28
singapore,2022,53453476.0,201043.67
slovakia,2017,35429364.0,684728.4
slovakia,2018,34903516.0,1202011.9
slovakia,2019,32159206.0,1619341.5
slovakia,2020,29125138.0,1971488.6
slovakia,2021,32903660.0,2263143.0
slovakia,2022,31651036.0,2500643.2
slovenia,2017,17068920.0,2452242.0
slovenia,2018,17167974.0,2648119.2
slovenia,2019,16416755.0,2377313.0
slovenia,2020,14891102.0,2036194.6
slovenia,2021,14763726.0,1703760.0
slovenia,2022,14076636.0,1361835.5
solomon islands,2017,6844022.0,6558230.0
solomon islands,2018,5666705.5,5377249.5
solomon islands,2019,5239227.0,4946107.0
solomon islands,2020,5035655.0,4746199.0
solomon islands,2021,4906550.5,4604512.5
solomon islands,2022,4783039.0,4484406.0
somalia,2017,17536892.0,16899356.0
somalia,2018,18251190.0,17613654.0
somalia,2019,19077934.0,18440398.0
somalia,2020,19979608.0,19382376.0
somalia,2021,21088648.0,20438012.0
somalia,2022,22226964.0,21580044.0
south korea,2017,649466500.0,5070793.0
south korea,2018,664408800.0,5759881.5
south korea,2019,640011460.0,6090777.0
south korea,2020,591512800.0,6121444.5
south korea,2021,609633860.0,6441165.5
south korea,2022,594387400.0,6611981.0
south sudan,2017,16110498.0,14655890.0
south sudan,2018,7716238.0,9452974.0
south sudan,2019,17457750.0,15677046.0
south sudan,2020,18135628.0,16442859.0
south sudan,2021,15045856.0,13201722.0
south sudan,2022,13347395.0,11513790.0
spain,2017,255303150.0,18289040.0
spain,2018,249668450.0,18932070.0
spain,2019,231261940.0,19398864.0
spain,2020,193951900.0,19673518.0
spain,2021,210309710.0,19959750.0
spain,2022,225618380.0,19995438.0
sri lanka,2017,31134672.0,8261770.0
sri lanka,2018,26792124.0,6695263.5
sri lanka,2019,27018092.0,5785932.5
sri lanka,2020,25837694.0,5213029.5
sri lanka,2021,24874436.0,4755835.0
sri lanka,2022,21698246.0,4371152.0
sudan,2017,49464310.0,28971284.0
sudan,2018,33870296.0,12115639.0
sudan,2019,38032644.0,16260136.0
sudan,2020,34949188.0,14421724.0
sudan,2021,33814570.0,11629463.0
sudan,2022,32000020.0,9986672.0
suriname,2017,4661409.0,2235003.2
suriname,2018,4300175.5,2210857.5
suriname,2019,4919348.0,2283551.2
suriname,2020,4790541.0,1872597.2
suriname,2021,5458672.5,1776087.4
suriname,2022,5362864.0,1776343.9
sweden,2017,48270070.0,5813485.5
sweden,2018,47317430.0,5280850.0
sweden,2019,46415460.0,5409419.5
sweden,2020,42195308.0,5508824.0
sweden,2021,44074136.0,5549348.0
sweden,2022,43668116.0,5617571.5
switzerland,2017,37755824.0,416267.03
switzerland,2018,36416830.0,450415.5
switzerland,2019,36196550.0,530364.0
switzerland,2020,33692292.0,542931.5
switzerland,2021,35298564.0,488777.56
switzerland,2022,34954736.0,425427.03
syria,2017,28031648.0,412016.8
syria,2018,31665888.0,758741.1
syria,2019,27966692.0,710413.0
syria,2020,25645344.0,667397.6
syria,2021,26580952.0,636070.44
syria,2022,27038464.0,596792.3
tajikistan,2017,6596695.0,261353.12
tajikistan,2018,7706174.0,354308.78
tajikistan,2019,8526395.0,330382.9
tajikistan,2020,8965886.0,333057.6
tajikistan,2021,9641459.0,338920.0
tajikistan,2022,9686928.0,330456.16
tanzania,2017,88121190.0,76887250.0
tanzania,2018,72386780.0,60548920.0
tanzania,2019,63306736.0,49563440.0
tanzania,2020,55276010.0,41107332.0
tanzania,2021,50647670.0,35230496.0
tanzania,2022,45734720.0,30164722.0
thailand,2017,342845400.0,59497788.0
thailand,2018,338711170.0,50364830.0
thailand,2019,327397700.0,45527360.0
thailand,2020,313852600.0,42000616.0
thailand,2021,306549540.0,39330510.0
thailand,2022,307979680.0,37233310.0
togo,2017,4037697.2,2046307.2
togo,2018,2989808.8,824619.8
togo,2019,2735084.0,320087.06
togo,2020,2432330.8,51112.797
togo,2021,2440554.0,115306.086
togo,2022,2348428.8,227131.36
tonga,2017,153961.28,18393.28
tonga,2018,151433.12,15865.12
tonga,2019,174956.0,13740.0
tonga,2020,195071.36,11871.36
tonga,2021,201458.84,10295.84
tonga,2022,197911.52,8903.5205
trinidad and tobago,2017,39994436.0,323457.9
trinidad and tobago,2018,40021936.0,305944.0
trinidad and tobago,2019,40498564.0,284289.78
trinidad and tobago,2020,34766260.0,263404.94
trinidad and tobago,2021,35288190.0,244278.88
trinidad and tobago,2022,34105190.0,226545.11
tunisia,2017,30922886.0,348739.5
tunisia,2018,30120262.0,1013792.2
tunisia,2019,28993864.0,1359600.5
tunisia,2020,26944104.0,1549359.0
tunisia,2021,33568444.0,1675840.2
tunisia,2022,33808532.0,1768246.4
turkey,2017,416890020.0,14010843.0
turkey,2018,381701900.0,40356724.0
turkey,2019,366625860.0,36066400.0
turkey,2020,378002500.0,34924370.0
turkey,2021,418462600.0,34240188.0
turkey,2022,402310820.0,33373800.0
turkmenistan,2017,63981360.0,378527.8
turkmenistan,2018,63476024.0,284179.84
turkmenistan,2019,65049220.0,275422.88
turkmenistan,2020,67444184.0,253292.33
turkmenistan,2021,69743144.0,231601.45
turkmenistan,2022,70747190.0,211156.31
tuvalu,2017,10992.0,0.0
tuvalu,2018,10992.0,0.0
tuvalu,2019,10992.0,0.0
tuvalu,2020,10992.0,0.0
tuvalu,2021,11470.0,0.0
tuvalu,2022,11340.0,0.0
uganda,2017,10413094.0,5025212.5
uganda,2018,10313828.0,4790827.0
uganda,2019,10214022.0,4482097.5
uganda,2020,9715331.0,4176923.2
uganda,2021,9743906.0,3691150.5
uganda,2022,9318026.0,3296244.2
ukraine,2017,231125570.0,8044752.0
ukraine,2018,237490100.0,5826273.0
ukraine,2019,226991420.0,5048259.0
ukraine,2020,211489660.0,4665811.0
ukraine,2021,214328800.0,4175494.5
ukraine,2022,145142260.0,3889263.0
united arab emirates,2017,212356540.0,133845.92
united arab emirates,2018,209172110.0,106402.555
united arab emirates,2019,219470320.0,86250.555
united arab emirates,2020,216877360.0,109040.64
united arab emirates,2021,237275580.0,26600.639
united arab emirates,2022,243892460.0,2748.0
united kingdom,2017,399686050.0,12318917.0
united kingdom,2018,393510460.0,13780707.0
united kingdom,2019,378680830.0,13927560.0
united kingdom,2020,341696060.0,15432878.0
united kingdom,2021,362887200.0,15422142.0
united kingdom,2022,334584960.0,15930595.0
united states,2017,5357279700.0,145117550.0
united states,2018,5486095000.0,108297544.0
united states,2019,5374306000.0,112160720.0
united states,2020,4829357600.0,114729256.0
united states,2021,5159808500.0,127595576.0
united states,2022,5199053000.0,141749500.0
uruguay,2017,12708786.0,6546212.5
uruguay,2018,12217487.0,5646517.0
uruguay,2019,11358885.0,4868943.0
uruguay,2020,11006166.0,4528997.5
uruguay,2021,11659730.0,3557524.2
uruguay,2022,10949754.0,3056655.5
uzbekistan,2017,107256530.0,1674374.6
uzbekistan,2018,100672136.0,1615970.6
uzbekistan,2019,107043976.0,1385101.9
uzbekistan,2020,108379250.0,1252721.6
uzbekistan,2021,115256760.0,1131186.8
uzbekistan,2022,119592990.0,1017199.6
vanuatu,2017,818317.75,675421.75
vanuatu,2018,412273.3,591809.3
vanuatu,2019,692899.06,857779.06
vanuatu,2020,736940.4,938460.4
vanuatu,2021,750933.8,961213.8
vanuatu,2022,747185.9,955094.9
venezuela,2017,152200110.0,13973213.0
venezuela,2018,113399820.0,12665349.0
venezuela,2019,96677240.0,9065616.0
venezuela,2020,69856220.0,7899987.0
venezuela,2021,79176790.0,7563595.5
venezuela,2022,84028920.0,7136922.5
vietnam,2017,483887940.0,254245440.0
vietnam,2018,504750850.0,247028580.0
vietnam,2019,589842600.0,248053820.0
vietnam,2020,613078850.0,249736200.0
vietnam,2021,605474560.0,252921500.0
vietnam,2022,595341950.0,251735300.0
yemen,2017,8042910.5,1651694.5
yemen,2018,9840730.0,1751245.4
yemen,2019,10036924.0,1800269.8
yemen,2020,9050300.0,1833685.5
yemen,2021,9726348.0,1861568.5
yemen,2022,9319126.0,2037220.6
zambia,2017,82199336.0,75349140.0
zambia,2018,78817610.0,71398240.0
zambia,2019,75433950.0,67683130.0
zambia,2020,72241224.0,64096880.0
zambia,2021,72002616.0,63339460.0
zambia,2022,69993630.0,61071740.0
zimbabwe,2017,18888970.0,9593341.0
zimbabwe,2018,19422790.0,8708192.0
zimbabwe,2019,17854144.0,8078717.0
zimbabwe,2020,15458631.0,7608992.0
zimbabwe,2021,15513038.0,7116880.0
zimbabwe,2022,15580118.0,6724136.5
