Country,Year,Emission,Population,Population_Emission,Region
afghanistan,2017,0.2768525,38928346.0,10777409.910965,Asia
afghanistan,2018,0.29487586,38928346.0,11479029.50512756,Asia
afghanistan,2019,0.29340136,38928346.0,11421629.65895056,Asia
afghanistan,2020,0.30503938,38928346.0,11874678.528265482,Asia
afghanistan,2021,0.30631703,38928346.0,11924415.32953238,Asia
afghanistan,2022,0.29536375,38928346.0,11498022.2558575,Asia
albania,2017,1.8382717,2877797.0,5290172.7834449,Europe
albania,2018,1.7013975,2877797.0,4896276.6213075,Europe
albania,2019,1.6795896,2877797.0,4833517.912111199,Europe
albania,2020,1.7506745,2877797.0,5038085.8240765,Europe
albania,2021,1.7177409,2877797.0,4943309.6087973,Europe
albania,2022,1.7432004,2877797.0,5016576.8815188,Europe
algeria,2017,4.01321,43851044.0,175983448.29124,Africa
algeria,2018,4.0850997,43851044.0,179135886.6890868,Africa
algeria,2019,4.18161,43851044.0,183367964.10084,Africa
algeria,2020,3.9099252,43851044.0,171454301.9819088,Africa
algeria,2021,4.079527,43851044.0,178891517.97618797,Africa
algeria,2022,3.9272263,43851044.0,172212973.2792572,Africa
andorra,2017,6.3007326,77265.0,486826.104339,Europe
andorra,2018,6.5922117,77265.0,509347.2370005,Europe
andorra,2019,6.3337045,77265.0,489373.67819249997,Europe
andorra,2020,4.8084607,77265.0,371525.7159855,Europe
andorra,2021,4.5922055,77265.0,354816.75795750006,Europe
andorra,2022,4.6171236,77265.0,356742.054954,Europe
angola,2017,0.7486942,32866272.0,24606787.2220224,Africa
angola,2018,0.6853864,32866272.0,22526095.847500797,Africa
angola,2019,0.59412795,32866272.0,19526770.8075024,Africa
angola,2020,0.50151193,32866272.0,16482827.502624962,Africa
angola,2021,0.50735646,32866272.0,16674915.41531712,Africa
angola,2022,0.45155162,32866272.0,14840818.364960639,Africa
anguilla,2017,8.526596,15003.0,127924.51978799999,North America
anguilla,2018,8.677324,15003.0,130185.89197200001,North America
anguilla,2019,9.511942,15003.0,142707.66582599998,North America
anguilla,2020,9.152959,15003.0,137321.84387699998,North America
anguilla,2021,8.726662,15003.0,130926.109986,North America
anguilla,2022,8.752724,15003.0,131317.11817200002,North America
antigua and barbuda,2017,6.633821,97929.0,649643.456709,North America
antigua and barbuda,2018,6.7167735,97929.0,657766.9120815,North America
antigua and barbuda,2019,6.9599576,97929.0,681581.6878104,North America
antigua and barbuda,2020,6.6818023,97929.0,654342.2174367,North America
antigua and barbuda,2021,6.400294,97929.0,626774.391126,North America
antigua and barbuda,2022,6.4218745,97929.0,628887.7479105,North America
argentina,2017,4.242436,45195774.0,191740178.66546398,South America
argentina,2018,4.066307,45195774.0,183779892.186618,South America
argentina,2019,3.9894862,45195774.0,180307916.6713188,South America
argentina,2020,3.7054682,45195774.0,167471503.3313868,South America
argentina,2021,4.1907597,45195774.0,189404628.2895078,South America
argentina,2022,4.2378173,45195774.0,191531432.9440902,South America
armenia,2017,1.9425985,2963243.0,5756391.4069355,Asia
armenia,2018,2.0538187,2963243.0,6085963.8860441,Asia
armenia,2019,2.2279305,2963243.0,6601899.4586114995,Asia
armenia,2020,2.4233668,2963243.0,7181024.7065324,Asia
armenia,2021,2.53107,2963243.0,7500175.4600100005,Asia
armenia,2022,2.3045583,2963243.0,6828966.2505669,Asia
aruba,2017,8.443037,106766.0,901429.288342,North America
aruba,2018,8.22827,106766.0,878499.47482,North America
aruba,2019,8.363411,106766.0,892927.938826,North America
aruba,2020,8.352506,106766.0,891763.655596,North America
aruba,2021,8.052776,106766.0,859762.6824159999,North America
aruba,2022,8.133404,106766.0,868371.0114640001,North America
australia,2017,16.82187,25499884.0,428955733.66308004,Australia
australia,2018,16.627844,25499884.0,424008093.170096,Australia
australia,2019,16.398174,25499884.0,418151534.81181604,Australia
australia,2020,15.453229,25499884.0,394055546.925436,Australia
australia,2021,14.914762,25499884.0,380324700.887608,Australia
australia,2022,14.985412,25499884.0,382126267.692208,Australia
austria,2017,7.912326,9006398.0,71261557.061748,Europe
austria,2018,7.530316,9006398.0,67821022.961768,Europe
austria,2019,7.6527734,9006398.0,68923923.0442132,Europe
austria,2020,6.9738197,9006398.0,62808995.7984406,Europe
austria,2021,7.3994617,9006398.0,66642497.055956595,Europe
austria,2022,6.8781943,9006398.0,61947755.3871314,Europe
azerbaijan,2017,3.4361124,10139177.0,34839351.8154948,Asia
azerbaijan,2018,3.4056387,10139177.0,34530373.5773499,Asia
azerbaijan,2019,3.6879485,10139177.0,37392762.6083845,Asia
azerbaijan,2020,3.5147688,10139177.0,35636862.9772776,Asia
azerbaijan,2021,3.7170222,10139177.0,37687545.9987294,Asia
azerbaijan,2022,3.6746833,10139177.0,37258264.397644095,Asia
bahamas,2017,6.2899003,393244.0,2473465.5535732,North America
bahamas,2018,6.025971,393244.0,2369676.9399240003,North America
bahamas,2019,6.0679793,393244.0,2386196.4518492003,North America
bahamas,2020,5.3723545,393244.0,2112646.172998,North America
bahamas,2021,5.149713,393244.0,2025093.738972,North America
bahamas,2022,5.1708703,393244.0,2033413.7202532,North America
bahrain,2017,22.53857,1701575.0,38351067.24775,Asia
bahrain,2018,21.943077,1701575.0,37337791.246275,Asia
bahrain,2019,25.152763,1701575.0,42799312.701725,Asia
bahrain,2020,25.310665,1701575.0,43067994.797375,Asia
bahrain,2021,26.052996,1701575.0,44331126.6687,Asia
bahrain,2022,25.672274,1701575.0,43683299.63155,Asia
bangladesh,2017,0.4990407,164689383.0,82186704.9748881,Asia
bangladesh,2018,0.5043604,164689383.0,83062803.0856332,Asia
bangladesh,2019,0.60895467,164689383.0,100288368.87726861,Asia
bangladesh,2020,0.5591592,164689383.0,92087583.64677359,Asia
bangladesh,2021,0.5831512,164689383.0,96038811.32370959,Asia
bangladesh,2022,0.5964455,164689383.0,98228241.38812649,Asia
barbados,2017,5.8904114,287375.0,1692756.976075,North America
barbados,2018,5.9191213,287375.0,1701007.4835875,North America
barbados,2019,5.948457,287375.0,1709437.8303750001,North America
barbados,2020,4.394483,287375.0,1262864.552125,North America
barbados,2021,4.361222,287375.0,1253306.1722499998,North America
barbados,2022,4.3772573,287375.0,1257914.3165875,North America
belarus,2017,6.116875,9449323.0,57800327.625625,Europe
belarus,2018,6.410857,9449323.0,60578258.499811,Europe
belarus,2019,6.4189095,9449323.0,60654349.1732685,Europe
belarus,2020,6.1300716,9449323.0,57925026.5615268,Europe
belarus,2021,6.362195,9449323.0,60118435.543985,Europe
belarus,2022,6.1669006,9449323.0,58273035.6782938,Europe
belgium,2017,8.700875,11589623.0,100839861.020125,Europe
belgium,2018,8.731839,11589623.0,101198722.10669701,Europe
belgium,2019,8.641646,11589623.0,100153419.239458,Europe
belgium,2020,7.879573,11589623.0,91321280.47097899,Europe
belgium,2021,8.23914,11589623.0,95488526.44422,Europe
belgium,2022,7.6875386,11589623.0,89095674.17194779,Europe
belize,2017,1.6427774,397628.0,653214.2920072,North America
belize,2018,1.582303,397628.0,629167.977284,North America
belize,2019,1.8173902,397628.0,722645.2304456,North America
belize,2020,1.5530106,397628.0,617520.4988567999,North America
belize,2021,1.7549852,397628.0,697831.2551056,North America
belize,2022,1.7894346,397628.0,711529.3011288,North America
benin,2017,0.5867273,12123200.0,7113012.403359999,Africa
benin,2018,0.6226188,12123200.0,7548132.236160001,Africa
benin,2019,0.5789981,12123200.0,7019309.765919999,Africa
benin,2020,0.6125594,12123200.0,7426180.118079999,Africa
benin,2021,0.6395752,12123200.0,7753698.06464,Africa
benin,2022,0.631487,12123200.0,7655643.1984,Africa
bermuda,2017,10.014566,62278.0,623687.141348,North America
bermuda,2018,10.947461,62278.0,681785.9761580001,North America
bermuda,2019,9.298764,62278.0,579108.4243920001,North America
bermuda,2020,7.150552,62278.0,445322.077456,North America
bermuda,2021,6.873079,62278.0,428041.613962,North America
bermuda,2022,6.9370627,62278.0,432026.3908306,North America
bhutan,2017,1.7741804,771608.0,1368971.7900832,Asia
bhutan,2018,1.9390228,771608.0,1496165.5046624,Asia
bhutan,2019,1.9005703,771608.0,1466495.2480424,Asia
bhutan,2020,1.190612,771608.0,918685.744096,Asia
bhutan,2021,1.3661479,771608.0,1054130.6488232,Asia
bhutan,2022,1.3489918,771608.0,1040892.8648144001,Asia
bolivia,2017,1.9388027,11673021.0,22631684.6319567,South America
bolivia,2018,1.9386426,11673021.0,22629815.781294603,South America
bolivia,2019,1.9193769,11673021.0,22404926.8606149,South America
bolivia,2020,1.5353591,11673021.0,17922279.0168411,South America
bolivia,2021,1.7985878,11673021.0,20994953.1597438,South America
bolivia,2022,1.7583066,11673021.0,20524749.8662386,South America
bonaire sint eustatius and saba,2017,4.2059693,26223.0,110293.13295389999,North America
bonaire sint eustatius and saba,2018,3.9579115,26223.0,103788.3132645,North America
bonaire sint eustatius and saba,2019,4.2942533,26223.0,112608.2042859,North America
bonaire sint eustatius and saba,2020,4.3389106,26223.0,113779.2526638,North America
bonaire sint eustatius and saba,2021,4.0947623,26223.0,107376.9517929,North America
bonaire sint eustatius and saba,2022,4.083284,26223.0,107075.956332,North America
bosnia and herzegovina,2017,6.4407015,3280819.0,21130775.8545285,Europe
bosnia and herzegovina,2018,6.4924054,3280819.0,21300406.9920226,Europe
bosnia and herzegovina,2019,6.1922417,3280819.0,20315624.2219523,Europe
bosnia and herzegovina,2020,6.2776484,3280819.0,20595828.1460396,Europe
bosnia and herzegovina,2021,6.0954695,3280819.0,19998132.1495205,Europe
bosnia and herzegovina,2022,6.1034565,3280819.0,20024336.0508735,Europe
botswana,2017,2.9466195,2351627.0,6929349.974926501,Africa
botswana,2018,3.0612,2351627.0,7198800.5724,Africa
botswana,2019,2.7131457,2351627.0,6380306.6830539005,Africa
botswana,2020,2.1799212,2351627.0,5126361.5517924,Africa
botswana,2021,2.3707244,2351627.0,5575059.5085988,Africa
botswana,2022,2.838951,2351627.0,6676153.823276999,Africa
brazil,2017,2.3842185,212559417.0,506788094.3606145,South America
brazil,2018,2.2743797,212559417.0,483440823.06863487,South America
brazil,2019,2.2356122,212559417.0,475200425.8700874,South America
brazil,2020,2.0849533,212559417.0,443176457.9202261,South America
brazil,2021,2.3198576,212559417.0,493107578.9790192,South America
brazil,2022,2.2454574,212559417.0,477293115.84233576,South America
british virgin islands,2017,5.9678235,30231.0,180413.2722285,North America
british virgin islands,2018,5.31032,30231.0,160536.28392,North America
british virgin islands,2019,5.382782,30231.0,162726.88264199998,North America
british virgin islands,2020,5.2116117,30231.0,157552.23330269998,North America
british virgin islands,2021,4.9880238,30231.0,150792.9474978,North America
british virgin islands,2022,5.0039577,30231.0,151274.64522869998,North America
brunei,2017,21.63514,437479.0,9464919.41206,Asia
brunei,2018,21.516985,437479.0,9413229.080814999,Asia
brunei,2019,24.500765,437479.0,10718570.171435,Asia
brunei,2020,25.1325,437479.0,10994940.9675,Asia
brunei,2021,25.375603,437479.0,11101293.424837,Asia
brunei,2022,23.950201,437479.0,10477709.983279,Asia
bulgaria,2017,6.6036973,6948445.0,45885427.4856985,Europe
bulgaria,2018,6.1089005,6948445.0,42447359.1347225,Europe
bulgaria,2019,5.9883013,6948445.0,41609382.2264785,Europe
bulgaria,2020,5.234656,6948445.0,36372719.30992,Europe
bulgaria,2021,6.140389,6948445.0,42666155.245105,Europe
bulgaria,2022,6.8044534,6948445.0,47280370.204963,Europe
burkina faso,2017,0.22782168,20903273.0,4762218.77235864,Africa
burkina faso,2018,0.24567921,20903273.0,5135499.597054331,Africa
burkina faso,2019,0.26286796,20903273.0,5494800.730833081,Africa
burkina faso,2020,0.24133267,20903273.0,5044642.68482891,Africa
burkina faso,2021,0.2659974,20903273.0,5560216.2694902,Africa
burkina faso,2022,0.26295447,20903273.0,5496609.07298031,Africa
burundi,2017,0.045982324,11890784.0,546765.882502016,Africa
burundi,2018,0.05612558,11890784.0,667377.14865472,Africa
burundi,2019,0.058007695,11890784.0,689756.97158288,Africa
burundi,2020,0.060208857,11890784.0,715930.5134738879,Africa
burundi,2021,0.06373885,11890784.0,757904.8977584,Africa
burundi,2022,0.06194545,11890784.0,736579.9657328,Africa
cambodia,2017,0.7880596,16718965.0,13175540.870314,Asia
cambodia,2018,0.8694936,16718965.0,14537033.066124,Asia
cambodia,2019,1.1241276,16718965.0,18794249.999934,Asia
cambodia,2020,1.1608452,16718965.0,19408130.269218,Asia
cambodia,2021,1.2134761,16718965.0,20288064.444236502,Asia
cambodia,2022,1.1900775,16718965.0,19896864.0697875,Asia
cameroon,2017,0.39265332,26545863.0,10423321.23921516,Africa
cameroon,2018,0.3846387,26545863.0,10210566.2346981,Africa
cameroon,2019,0.37203085,26545863.0,9875879.97587355,Africa
cameroon,2020,0.36622167,26545863.0,9721670.27945121,Africa
cameroon,2021,0.37861246,26545863.0,10050594.49325298,Africa
cameroon,2022,0.34292704,26545863.0,9103294.22283552,Africa
canada,2017,15.50163,37742154.0,585064906.71102,North America
canada,2018,15.581538,37742154.0,588080806.752852,North America
canada,2019,15.41972,37742154.0,581973446.87688,North America
canada,2020,13.799503,37742154.0,520822967.349462,North America
canada,2021,14.078721,37742154.0,531361256.105034,North America
canada,2022,14.249212,37742154.0,537795953.682648,North America
cape verde,2017,0.90147424,555987.0,501207.95827488,Africa
cape verde,2018,0.94292635,555987.0,524254.79255745,Africa
cape verde,2019,0.97150093,555987.0,540141.88756791,Africa
cape verde,2020,0.88668585,555987.0,492985.80568395,Africa
cape verde,2021,0.9505422,555987.0,528489.1061514,Africa
cape verde,2022,0.9588915,555987.0,533131.2084105,Africa
chad,2017,0.15538788,16425864.0,2552380.1841283203,Africa
chad,2018,0.15274785,16425864.0,2509015.4103924,Africa
chad,2019,0.14281341,16425864.0,2345833.65003624,Africa
chad,2020,0.13693357,16425864.0,2249252.1978544802,Africa
chad,2021,0.14357351,16425864.0,2358318.94926264,Africa
chad,2022,0.13367727,16425864.0,2195764.65691128,Africa
chile,2017,4.5805526,19116201.0,87562764.1926726,South America
chile,2018,4.515097,19116201.0,86311501.786497,South America
chile,2019,4.8308606,19116201.0,92347702.2325806,South America
chile,2020,4.15424,19116201.0,79413286.84223999,South America
chile,2021,4.5675793,19116201.0,87314763.9822393,South America
chile,2022,4.3041654,19116201.0,82279290.92364539,South America
china,2017,7.098718,1439323776.0,10217353596.519167,Asia
china,2018,7.306582,1439323776.0,10516537193.893631,Asia
china,2019,7.5401316,1439323776.0,10852690686.048922,Asia
china,2020,7.659333,1439323776.0,11024260095.201408,Asia
china,2021,7.9502664,1439323776.0,11443007455.053926,Asia
china,2022,7.992761,1439323776.0,11504170943.185535,Asia
colombia,2017,1.9084141,50882891.0,97105626.6331631,South America
colombia,2018,1.7678044,50882891.0,89950998.59452039,South America
colombia,2019,1.8829013,50882891.0,95807461.6116583,South America
colombia,2020,1.7618332,50882891.0,89647166.6757812,South America
colombia,2021,1.8589207,50882891.0,94587259.3557437,South America
colombia,2022,1.9223082,50882891.0,97812598.6090062,South America
comoros,2017,0.35116428,869601.0,305372.80905228,Africa
comoros,2018,0.37757528,869601.0,328339.84106328,Africa
comoros,2019,0.39373294,869601.0,342390.55835694,Africa
comoros,2020,0.47267568,869601.0,411039.24400368,Africa
comoros,2021,0.5052505,869601.0,439366.34005050006,Africa
comoros,2022,0.49327007,869601.0,428948.14614207,Africa
congo,2017,1.0638189,5518087.0,5870245.2424443,Africa
congo,2018,1.2028803,5518087.0,6637598.1459861,Africa
congo,2019,1.3086569,5518087.0,7221282.6273503,Africa
congo,2020,1.2962588,5518087.0,7152868.832915599,Africa
congo,2021,1.2433366,5518087.0,6860839.529084199,Africa
congo,2022,1.2447897,5518087.0,6868857.8613039,Africa
cook islands,2017,4.628122,17564.0,81288.334808,Oceania
cook islands,2018,4.665895,17564.0,81951.77978,Oceania
cook islands,2019,4.918695,17564.0,86391.95898,Oceania
cook islands,2020,3.8681524,17564.0,67940.22875360001,Oceania
cook islands,2021,4.0415196,17564.0,70985.2502544,Oceania
cook islands,2022,3.9950094,17564.0,70168.3451016,Oceania
costa rica,2017,1.6077795,5094118.0,8190218.490981,North America
costa rica,2018,1.5895244,5094118.0,8097224.8574792,North America
costa rica,2019,1.5140803,5094118.0,7712903.7096754005,North America
costa rica,2020,1.3201325,5094118.0,6724910.730634999,North America
costa rica,2021,1.4853407,5094118.0,7566500.7960026,North America
costa rica,2022,1.5226681,5094118.0,7756650.9762357995,North America
cote d'ivoire,2017,0.48301244,26378274.0,12741034.48772856,Africa
cote d'ivoire,2018,0.4060735,26378274.0,10711518.047139,Africa
cote d'ivoire,2019,0.402909,26378274.0,10628043.999066,Africa
cote d'ivoire,2020,0.41096124,26378274.0,10840448.19209976,Africa
cote d'ivoire,2021,0.42686108,26378274.0,11259858.52817592,Africa
cote d'ivoire,2022,0.41668788,26378274.0,10991507.07111912,Africa
croatia,2017,4.470874,4105267.0,18354131.493358,Europe
croatia,2018,4.2601137,4105267.0,17488904.188857898,Europe
croatia,2019,4.3240995,4105267.0,17751582.9820665,Europe
croatia,2020,4.1179047,4105267.0,16905098.274054904,Europe
croatia,2021,4.288185,4105267.0,17604144.370395,Europe
croatia,2022,4.348515,4105267.0,17851815.128505,Europe
cuba,2017,2.200658,11326616.0,24926008.113328,North America
cuba,2018,2.0420773,11326616.0,23129825.4194168,North America
cuba,2019,1.9987116,11326616.0,22638638.787945602,North America
cuba,2020,1.8828136,11326616.0,21325906.6467776,North America
cuba,2021,1.8603169,11326616.0,21071095.1646104,North America
cuba,2022,1.8659163,11326616.0,21134517.4182408,North America
curacao,2017,28.941547,164093.0,4749105.271871,North America
curacao,2018,23.344528,164093.0,3830673.6331040002,North America
curacao,2019,11.611328,164093.0,1905337.6455040001,North America
curacao,2020,9.542373,164093.0,1565836.6126889999,North America
curacao,2021,9.144556,164093.0,1500557.627708,North America
curacao,2022,9.189007,164093.0,1507851.725651,North America
cyprus,2017,6.2090564,1207359.0,7496560.1260476,Asia
cyprus,2018,6.007151,1207359.0,7252787.824209,Asia
cyprus,2019,5.9750137,1207359.0,7213986.5658183,Asia
cyprus,2020,5.5843916,1207359.0,6742365.4577844,Asia
cyprus,2021,5.6497326,1207359.0,6821255.5022034,Asia
cyprus,2022,5.616782,1207359.0,6781472.298738,Asia
czechia,2017,10.233914,10708981.0,109594790.581634,Europe
czechia,2018,10.096103,10708981.0,108118975.201043,Europe
czechia,2019,9.588486,10708981.0,102682914.392766,Europe
czechia,2020,8.707416,10708981.0,93247552.503096,Europe
czechia,2021,9.196797,10708981.0,98488324.333857,Europe
czechia,2022,9.3357525,10708981.0,99976396.1432025,Europe
democratic republic of congo,2017,0.036809973,89561403.0,3296752.8262721193,Africa
democratic republic of congo,2018,0.038755305,89561403.0,3470979.4894929146,Africa
democratic republic of congo,2019,0.039954364,89561403.0,3578368.895812692,Africa
democratic republic of congo,2020,0.03995253,89561403.0,3578204.64019959,Africa
democratic republic of congo,2021,0.041094083,89561403.0,3680443.7284784494,Africa
democratic republic of congo,2022,0.036375992,89561403.0,3257884.8790367763,Africa
denmark,2017,6.0419893,5818553.0,35155634.9674829,Europe
denmark,2018,6.0015297,5818553.0,34920218.6405241,Europe
denmark,2019,5.34005,5818553.0,31071363.947649997,Europe
denmark,2020,4.8577814,5818553.0,28265258.5383142,Europe
denmark,2021,5.057577,5818553.0,29427779.826081,Europe
denmark,2022,4.940161,5818553.0,28744588.607033,Europe
djibouti,2017,0.37660372,988000.0,372084.47536,Africa
djibouti,2018,0.4113473,988000.0,406411.1324,Africa
djibouti,2019,0.4177071,988000.0,412694.6148,Africa
djibouti,2020,0.35082307,988000.0,346613.19316,Africa
djibouti,2021,0.41140705,988000.0,406470.1654,Africa
djibouti,2022,0.40418932,988000.0,399339.04816,Africa
dominica,2017,2.1852262,71986.0,157305.69323319997,North America
dominica,2018,2.2757764,71986.0,163824.03993039997,North America
dominica,2019,2.4103239,71986.0,173509.57626539998,North America
dominica,2020,2.187888,71986.0,157497.305568,North America
dominica,2021,2.0959618,71986.0,150879.9061348,North America
dominica,2022,2.1058853,71986.0,151594.25920580002,North America
dominican republic,2017,2.2556932,10847910.0,24469556.821212,North America
dominican republic,2018,2.3924725,10847910.0,25953326.357474998,North America
dominican republic,2019,2.607516,10847910.0,28286098.89156,North America
dominican republic,2020,2.136578,10847910.0,23177405.85198,North America
dominican republic,2021,2.1393347,10847910.0,23207310.285477,North America
dominican republic,2022,2.1051137,10847910.0,22836083.957367,North America
east timor,2017,0.5547369,1318445.0,731390.0921204999,Asia
east timor,2018,0.48898363,1318445.0,644698.02205535,Asia
east timor,2019,0.5274983,1318445.0,695477.4961435,Asia
east timor,2020,0.49730384,1318445.0,655667.7613288,Asia
east timor,2021,0.5024414,1318445.0,662441.351623,Asia
east timor,2022,0.49869007,1318445.0,657495.42934115,Asia
ecuador,2017,2.3461897,17643054.0,41393951.5713438,South America
ecuador,2018,2.2584543,17643054.0,39846031.1714322,South America
ecuador,2019,2.310065,17643054.0,40756601.538509995,South America
ecuador,2020,1.8710657,17643054.0,33011313.1826478,South America
ecuador,2021,2.2324002,17643054.0,39386357.2782108,South America
ecuador,2022,2.3117273,17643054.0,40785929.5871742,South America
egypt,2017,2.5553803,102334404.0,261503319.9938412,Africa
egypt,2018,2.3511286,102334404.0,240601344.0083544,Africa
egypt,2019,2.4251409,102334404.0,248175348.6175236,Africa
egypt,2020,2.1182494,102334404.0,216769789.87235758,Africa
egypt,2021,2.2595594,102334404.0,231230664.5015976,Africa
egypt,2022,2.333106,102334404.0,238757011.978824,Africa
el salvador,2017,0.9526126,6486205.0,6178840.609183,North America
el salvador,2018,0.9978113,6486205.0,6472008.643116499,North America
el salvador,2019,1.202131,6486205.0,7797268.102855001,North America
el salvador,2020,1.0479546,6486205.0,6797248.366293,North America
el salvador,2021,1.1858464,6486205.0,7691642.848912,North America
el salvador,2022,1.2174718,6486205.0,7896771.676519,North America
equatorial guinea,2017,5.4195275,1402985.0,7603515.7895875005,Africa
equatorial guinea,2018,4.0000267,1402985.0,5611977.4596995,Africa
equatorial guinea,2019,2.9863906,1402985.0,4189861.215941,Africa
equatorial guinea,2020,3.4615319,1402985.0,4856477.332721501,Africa
equatorial guinea,2021,3.444009,1402985.0,4831892.966864999,Africa
equatorial guinea,2022,3.0307202,1402985.0,4252054.979797,Africa
eritrea,2017,0.1639894,3546421.0,581575.4519374,Africa
eritrea,2018,0.18082562,3546421.0,641283.77610602,Africa
eritrea,2019,0.18523079,3546421.0,656906.36350259,Africa
eritrea,2020,0.18024033,3546421.0,639208.09135893,Africa
eritrea,2021,0.1934708,3546421.0,686128.9080068,Africa
eritrea,2022,0.18914719,3546421.0,670795.56670699,Africa
estonia,2017,14.222141,1326535.0,18866167.811435,Europe
estonia,2018,13.527124,1326535.0,17944203.435340002,Europe
estonia,2019,9.286828,1326535.0,12319302.38098,Europe
estonia,2020,6.949406,1326535.0,9218630.288209999,Europe
estonia,2021,7.8421664,1326535.0,10402908.205424,Europe
estonia,2022,7.77628,1326535.0,10315507.5898,Europe
eswatini,2017,0.85601753,1160164.0,993120.7216749201,Africa
eswatini,2018,0.89040095,1160164.0,1033011.1277557999,Africa
eswatini,2019,0.95858824,1160164.0,1112119.56687136,Africa
eswatini,2020,0.9247956,1160164.0,1072914.5624784,Africa
eswatini,2021,0.9489723,1160164.0,1100963.4994572,Africa
eswatini,2022,1.0527312,1160164.0,1221340.8399168,Africa
ethiopia,2017,0.14402942,114963588.0,16558138.90075896,Africa
ethiopia,2018,0.14387688,114963588.0,16540602.355045442,Africa
ethiopia,2019,0.1461173,114963588.0,16798169.0768724,Africa
ethiopia,2020,0.15197527,114963588.0,17471622.32646876,Africa
ethiopia,2021,0.15729143,114963588.0,18082787.15445084,Africa
ethiopia,2022,0.15458965,114963588.0,17772180.8316642,Africa
faroe islands,2017,14.070157,48863.0,687510.081491,Europe
faroe islands,2018,14.23108,48863.0,695373.2620400001,Europe
faroe islands,2019,14.313607,48863.0,699405.7788409999,Europe
faroe islands,2020,14.463158,48863.0,706713.289354,Europe
faroe islands,2021,13.923651,48863.0,680351.358813,Europe
faroe islands,2022,14.084624,48863.0,688216.982512,Europe
fiji,2017,1.4818524,896445.0,1328399.174718,Oceania
fiji,2018,1.5343895,896445.0,1375495.7953275,Oceania
fiji,2019,1.5330331,896445.0,1374279.8573295,Oceania
fiji,2020,1.1309409,896445.0,1013826.3151004999,Oceania
fiji,2021,1.1742574,896445.0,1052657.1749429998,Oceania
fiji,2022,1.1550449,896445.0,1035434.2253805001,Oceania
finland,2017,8.106902,5540720.0,44918074.04944,Europe
finland,2018,8.291232,5540720.0,45939394.96704,Europe
finland,2019,7.6887984,5540720.0,42601479.070847996,Europe
finland,2020,6.8243456,5540720.0,37811788.152832,Europe
finland,2021,6.8546104,5540720.0,37979476.935488,Europe
finland,2022,6.5267396,5540720.0,36162836.636512,Europe
france,2017,5.2521734,65273511.0,342827798.1988074,Europe
france,2018,5.010727,65273511.0,327067743.952497,Europe
france,2019,4.898306,65273511.0,319729630.572366,Europe
france,2020,4.366297,65273511.0,285003535.258767,Europe
france,2021,4.7538953,65273511.0,310303437.1573983,Europe
france,2022,4.603891,65273511.0,300512129.831301,Europe
french polynesia,2017,2.914275,280904.0,818631.5046,Oceania
french polynesia,2018,2.9423785,280904.0,826525.890164,Oceania
french polynesia,2019,2.921616,280904.0,820693.620864,Oceania
french polynesia,2020,2.8031993,280904.0,787429.8961672001,Oceania
french polynesia,2021,2.9048145,280904.0,815974.012308,Oceania
french polynesia,2022,2.8509297,280904.0,800837.5564488,Oceania
gabon,2017,2.7470102,2225734.0,6114114.0004868,Africa
gabon,2018,2.497233,2225734.0,5558176.394022,Africa
gabon,2019,2.4193206,2225734.0,5384764.1163204,Africa
gabon,2020,2.5860782,2225734.0,5755922.176398801,Africa
gabon,2021,2.5117075,2225734.0,5590392.780805,Africa
gabon,2022,2.3882635,2225734.0,5315639.272909,Africa
gambia,2017,0.24927379,2416668.0,602411.99153172,Africa
gambia,2018,0.26525575,2416668.0,641035.082841,Africa
gambia,2019,0.28331983,2416668.0,684689.96692644,Africa
gambia,2020,0.27188137,2416668.0,657047.00667516,Africa
gambia,2021,0.2867638,2416668.0,693012.8990184,Africa
gambia,2022,0.2847278,2416668.0,688092.5629704,Africa
georgia,2017,2.6969206,3989167.0,10758466.6591402,Asia
georgia,2018,2.6674635,3989167.0,10640957.367904501,Asia
georgia,2019,2.8870666,3989167.0,11516990.8075222,Asia
georgia,2020,2.807964,3989167.0,11201437.325988,Asia
georgia,2021,2.942033,3989167.0,11736260.956511,Asia
georgia,2022,2.962545,3989167.0,11818086.750015,Asia
germany,2017,9.512761,83783942.0,797016615.8838619,Europe
germany,2018,9.105443,83783942.0,762889908.196306,Europe
germany,2019,8.508805,83783942.0,712901224.60931,Europe
germany,2020,7.767432,83783942.0,650786072.176944,Europe
germany,2021,8.138241,83783942.0,681853911.926022,Europe
germany,2022,7.9837584,83783942.0,668910750.7276129,Europe
ghana,2017,0.41154125,31072940.0,12787796.568775,Africa
ghana,2018,0.49216223,31072940.0,15292927.4430562,Africa
ghana,2019,0.5208505,31072940.0,16184356.33547,Africa
ghana,2020,0.59564954,31072940.0,18508582.4174476,Africa
ghana,2021,0.63856685,31072940.0,19842149.416039,Africa
ghana,2022,0.6215505,31072940.0,19313401.39347,Africa
greece,2017,6.999798,10423054.0,72959272.543092,Europe
greece,2018,6.7505913,10423054.0,70361777.6518302,Europe
greece,2019,6.2189636,10423054.0,64820593.426834404,Europe
greece,2020,5.2909575,10423054.0,55147935.734205,Europe
greece,2021,5.510225,10423054.0,57433372.72715,Europe
greece,2022,5.7451057,10423054.0,59881546.9468078,Europe
greenland,2017,9.719594,56770.0,551781.35138,North America
greenland,2018,9.7338705,56770.0,552591.828285,North America
greenland,2019,9.926084,56770.0,563503.78868,North America
greenland,2020,9.58365,56770.0,544063.8105,North America
greenland,2021,10.072068,56770.0,571791.30036,North America
greenland,2022,10.473997,56770.0,594608.80969,North America
grenada,2017,2.3026114,112523.0,259096.7425622,North America
grenada,2018,2.5257974,112523.0,284210.3008402,North America
grenada,2019,2.6867204,112523.0,302317.8395692,North America
grenada,2020,2.3405137,112523.0,263361.6230651,North America
grenada,2021,2.6466973,112523.0,297814.3202879,North America
grenada,2022,2.7133646,112523.0,305315.9248858,North America
guatemala,2017,1.0447451,17915568.0,18717201.881716803,North America
guatemala,2018,1.0979586,17915568.0,19670551.959484797,North America
guatemala,2019,1.1400281,17915568.0,20424250.9474608,North America
guatemala,2020,0.99851304,17915568.0,17888928.267006718,North America
guatemala,2021,1.117814,17915568.0,20026272.728352003,North America
guatemala,2022,1.0756185,17915568.0,19270316.378808,North America
guinea,2017,0.26460513,13132795.0,3475004.9282383504,Africa
guinea,2018,0.25185698,13132795.0,3307586.0876591,Africa
guinea,2019,0.3044799,13132795.0,3998672.1083205002,Africa
guinea,2020,0.34072992,13132795.0,4474736.1897264,Africa
guinea,2021,0.35968435,13132795.0,4723660.83325825,Africa
guinea,2022,0.35742033,13132795.0,4693927.92272235,Africa
guinea-bissau,2017,0.1617759,1968001.0,318375.1329759,Africa
guinea-bissau,2018,0.16179088,1968001.0,318404.61363088,Africa
guinea-bissau,2019,0.16363285,1968001.0,322029.61243285,Africa
guinea-bissau,2020,0.14722605,1968001.0,289741.01362605,Africa
guinea-bissau,2021,0.15579237,1968001.0,306599.53995237005,Africa
guinea-bissau,2022,0.15518051,1968001.0,305395.39886051,Africa
guyana,2017,3.0485022,786552.0,2397805.5024144,South America
guyana,2018,3.1863892,786552.0,2506260.7980384,South America
guyana,2019,3.4500709,786552.0,2713660.1665368,South America
guyana,2020,3.999438,786552.0,3145765.9577760003,South America
guyana,2021,4.4295645,786552.0,3484082.8166039996,South America
guyana,2022,4.3736935,786552.0,3440137.369812,South America
haiti,2017,0.28896606,11402528.0,3294943.59019968,North America
haiti,2018,0.3096648,11402528.0,3530961.5526144,North America
haiti,2019,0.27700275,11402528.0,3158531.612952,North America
haiti,2020,0.22221673,11402528.0,2533832.48589344,North America
haiti,2021,0.2118702,11402528.0,2415855.8878656,North America
haiti,2022,0.21119381,11402528.0,2408143.33195168,North America
honduras,2017,1.0628078,9904607.0,10526693.5755346,North America
honduras,2018,1.0069852,9904607.0,9973792.6608164,North America
honduras,2019,1.126517,9904607.0,11157708.163819,North America
honduras,2020,0.94115144,9904607.0,9321735.14068408,North America
honduras,2021,1.0541441,9904607.0,10440883.0318687,North America
honduras,2022,1.0696708,9904607.0,10594668.8933756,North America
hong kong,2017,5.686675,7496981.0,42632894.428175,Asia
hong kong,2018,5.6940813,7496981.0,42688419.318555295,Asia
hong kong,2019,5.589584,7496981.0,41905005.045904,Asia
hong kong,2020,4.4657145,7496981.0,33479376.757924497,Asia
hong kong,2021,4.3732305,7496981.0,32786025.9671205,Asia
hong kong,2022,4.081913,7496981.0,30602024.204653002,Asia
hungary,2017,5.0649333,9660351.0,48929033.4695883,Europe
hungary,2018,5.0667534,9660351.0,48946616.274443395,Europe
hungary,2019,5.046203,9660351.0,48748092.197253,Europe
hungary,2020,4.8546357,9660351.0,46897484.8391307,Europe
hungary,2021,5.0015383,9660351.0,48316615.5179433,Europe
hungary,2022,4.449911,9660351.0,42987702.178761,Europe
iceland,2017,10.511519,343599.0,3611747.416881,Europe
iceland,2018,10.395095,343599.0,3571744.246905,Europe
iceland,2019,9.863829,343599.0,3389201.780571,Europe
iceland,2020,9.107512,343599.0,3129332.015688,Europe
iceland,2021,9.477966,343599.0,3256619.639634,Europe
iceland,2022,9.499798,343599.0,3264121.093002,Europe
india,2017,1.7919174,1380004385.0,2472853869.557799,Asia
india,2018,1.8941209,1380004385.0,2613895147.7201467,Asia
india,2019,1.8891369,1380004385.0,2607017205.8653064,Asia
india,2020,1.7341554,1380004385.0,2393142056.271429,Asia
india,2021,1.8998938,1380004385.0,2621861775.034313,Asia
india,2022,1.9966822,1380004385.0,2755430191.451447,Asia
indonesia,2017,2.1056583,273523615.0,575947270.1707546,Asia
indonesia,2018,2.224542,273523615.0,608464769.55933,Asia
indonesia,2019,2.4144928,273523615.0,660420799.047472,Asia
indonesia,2020,2.2290483,273523615.0,609697349.0256045,Asia
indonesia,2021,2.2499223,273523615.0,615406880.9651146,Asia
indonesia,2022,2.6456614,273523615.0,723650870.1939609,Asia
iran,2017,8.11077,83992949.0,681247490.9607301,Asia
iran,2018,8.2952,83992949.0,696738310.5447999,Asia
iran,2019,8.02487,83992949.0,674032496.64163,Asia
iran,2020,7.7787347,83992949.0,653358866.9416304,Asia
iran,2021,7.825858,83992949.0,657316891.875242,Asia
iran,2022,7.7993317,83992949.0,655088869.7121832,Asia
iraq,2017,4.4663787,40222493.0,179648885.99609908,Asia
iraq,2018,4.526985,40222493.0,182086622.473605,Asia
iraq,2019,4.5618486,40222493.0,183488923.3805598,Asia
iraq,2020,3.7559109,40222493.0,151072099.8838737,Asia
iraq,2021,3.8725574,40222493.0,155763912.91359818,Asia
iraq,2022,4.024638,40222493.0,161880973.782534,Asia
ireland,2017,8.189318,4937786.0,40437099.769948,Europe
ireland,2018,8.069606,4937786.0,39845987.532316,Europe
ireland,2019,7.623691,4937786.0,37644154.688126,Europe
ireland,2020,7.1012745,4937786.0,35064573.808257,Europe
ireland,2021,7.5297494,4937786.0,37180291.1708284,Europe
ireland,2022,7.7211185,4937786.0,38125230.833641,Europe
israel,2017,7.081455,8655535.0,61293781.603425,Asia
israel,2018,7.0934634,8655535.0,61397720.729919,Asia
israel,2019,6.8145585,8655535.0,58983649.6062975,Asia
israel,2020,6.3599873,8655535.0,55049092.674705505,Asia
israel,2021,6.162786,8655535.0,53342209.920509994,Asia
israel,2022,6.208912,8655535.0,53741455.127919994,Asia
italy,2017,5.889915,60244639.0,354835802.915685,Europe
italy,2018,5.8423834,60244639.0,351972278.8325926,Europe
italy,2019,5.699218,60244639.0,343347330.992302,Europe
italy,2020,5.097115,60244639.0,307073853.116485,Europe
italy,2021,5.692572,60244639.0,342946945.121508,Europe
italy,2022,5.726825,60244639.0,345010504.741175,Europe
jamaica,2017,2.7765203,2961167.0,8221740.2871901,North America
jamaica,2018,2.8758495,2961167.0,8515870.6363665,North America
jamaica,2019,2.7803972,2961167.0,8233220.435532399,North America
jamaica,2020,2.2913485,2961167.0,6785065.5636995,North America
jamaica,2021,2.337014,2961167.0,6920288.735338,North America
jamaica,2022,2.2945588,2961167.0,6794571.7981196,North America
japan,2017,9.369802,126476461.0,1185059397.230722,Asia
japan,2018,9.042501,126476461.0,1143663525.068961,Asia
japan,2019,8.780706,126476461.0,1110552619.961466,Asia
japan,2020,8.302111,126476461.0,1050021618.109171,Asia
japan,2021,8.523455,126476461.0,1078016423.892755,Asia
japan,2022,8.501681,126476461.0,1075262525.4309409,Asia
jordan,2017,2.526926,10203134.0,25782564.586084,Asia
jordan,2018,2.4036617,10203134.0,24524882.415767796,Asia
jordan,2019,2.31137,10203134.0,23583217.833580002,Asia
jordan,2020,1.9333241,10203134.0,19725964.8577294,Asia
jordan,2021,2.0332546,10203134.0,20745569.139916398,Asia
jordan,2022,2.0301995,10203134.0,20714397.545233,Asia
kazakhstan,2017,16.023987,18776707.0,300877708.870809,Asia
kazakhstan,2018,16.569881,18776707.0,311127800.561867,Asia
kazakhstan,2019,14.678785,18776707.0,275619245.060995,Asia
kazakhstan,2020,13.461358,18776707.0,252759974.988106,Asia
kazakhstan,2021,13.29114,18776707.0,249563841.47598,Asia
kazakhstan,2022,13.979704,18776707.0,262492805.954728,Asia
kenya,2017,0.36179954,53771296.0,19454430.158003837,Africa
kenya,2018,0.37711197,53771296.0,20277799.36401312,Africa
kenya,2019,0.38858923,53771296.0,20894946.50874208,Africa
kenya,2020,0.42285332,53771296.0,22737371.03430272,Africa
kenya,2021,0.46141472,53771296.0,24810867.48787712,Africa
kenya,2022,0.45998666,53771296.0,24734078.85091136,Africa
kiribati,2017,0.5478742,119449.0,65443.0253158,Oceania
kiribati,2018,0.53936994,119449.0,64427.199963060004,Oceania
kiribati,2019,0.53079224,119449.0,63402.60227576,Oceania
kiribati,2020,0.52147096,119449.0,62289.18470104,Oceania
kiribati,2021,0.53396493,119449.0,63781.57692357,Oceania
kiribati,2022,0.5184742,119449.0,61931.2247158,Oceania
kosovo,2017,4.6328135,1831000.0,8482681.5185,Europe
kosovo,2018,4.7045703,1831000.0,8614068.2193,Europe
kosovo,2019,4.973549,1831000.0,9106568.219,Europe
kosovo,2020,5.0585814,1831000.0,9262262.543399999,Europe
kosovo,2021,4.866548,1831000.0,8910649.388,Europe
kosovo,2022,4.830646,1831000.0,8844912.826,Europe
kuwait,2017,25.046242,4270571.0,106961754.74418199,Asia
kuwait,2018,24.44828,4270571.0,104408115.56788,Asia
kuwait,2019,24.519451,4270571.0,104712056.376521,Asia
kuwait,2020,22.408785,4270571.0,95698307.366235,Asia
kuwait,2021,24.301199,4270571.0,103779995.714629,Asia
kuwait,2022,25.578102,4270571.0,109233100.636242,Asia
kyrgyzstan,2017,1.5292112,6524195.0,9976872.064984,Asia
kyrgyzstan,2018,1.7950532,6524195.0,11711277.112173999,Asia
kyrgyzstan,2019,1.4305534,6524195.0,9333209.339513,Asia
kyrgyzstan,2020,1.2994561,6524195.0,8477904.9903395,Asia
kyrgyzstan,2021,1.4451864,6524195.0,9428677.884948,Asia
kyrgyzstan,2022,1.4251612,6524195.0,9298029.575234,Asia
laos,2017,2.812812,7275560.0,20464782.47472,Asia
laos,2018,2.893467,7275560.0,21051592.766519997,Asia
laos,2019,2.7085655,7275560.0,19706330.809180003,Asia
laos,2020,2.6880474,7275560.0,19557050.141544,Asia
laos,2021,3.1470437,7275560.0,22896505.261972003,Asia
laos,2022,3.0803475,7275560.0,22411253.057099998,Asia
latvia,2017,3.691466,1886198.0,6962835.7862680005,Europe
latvia,2018,4.0622435,1886198.0,7662195.565213,Europe
latvia,2019,3.9918807,1886198.0,7529477.3925786,Europe
latvia,2020,3.6898801,1886198.0,6959844.4648597995,Europe
latvia,2021,3.863811,1886198.0,7287912.580578,Europe
latvia,2022,3.561689,1886198.0,6718050.668422,Europe
lebanon,2017,4.554415,6825445.0,31085909.089674998,Asia
lebanon,2018,4.396047,6825445.0,30004977.015915003,Asia
lebanon,2019,4.4382133,6825445.0,30292780.7774185,Asia
lebanon,2020,3.9343011,6825445.0,26853355.7714895,Asia
lebanon,2021,4.1969266,6825445.0,28645891.677337002,Asia
lebanon,2022,4.3543963,6825445.0,29720692.453853503,Asia
lesotho,2017,1.1579648,2142249.0,2480648.9348352,Africa
lesotho,2018,1.0785148,2142249.0,2310447.2517852,Africa
lesotho,2019,1.073333,2142249.0,2299346.545917,Africa
lesotho,2020,0.9639094,2142249.0,2064933.9482406,Africa
lesotho,2021,1.0872496,2142249.0,2329159.3683504,Africa
lesotho,2022,1.3594668,2142249.0,2912316.3928332003,Africa
liberia,2017,0.18572782,5057681.0,939352.0663854199,Africa
liberia,2018,0.08626178,5057681.0,436284.56573217997,Africa
liberia,2019,0.2045213,5057681.0,1034403.4931053,Africa
liberia,2020,0.15123484,5057681.0,764897.57680604,Africa
liberia,2021,0.16660595,5057681.0,842639.74780195,Africa
liberia,2022,0.1653753,5057681.0,836415.5126793,Africa
libya,2017,8.377985,6871292.0,57567581.30662,Africa
libya,2018,8.339181,6871292.0,57300947.691852,Africa
libya,2019,10.736264,6871292.0,73772004.933088,Africa
libya,2020,7.073712,6871292.0,48605540.675904006,Africa
libya,2021,9.491187,6871292.0,65216717.303604,Africa
libya,2022,9.242238,6871292.0,63506116.031496,Africa
liechtenstein,2017,4.108266,38128.0,156639.966048,Europe
liechtenstein,2018,3.7416568,38128.0,142661.8904704,Europe
liechtenstein,2019,3.8707013,38128.0,147582.0991664,Europe
liechtenstein,2020,3.6595674,38128.0,139531.9858272,Europe
liechtenstein,2021,3.7350607,38128.0,142410.3943696,Europe
liechtenstein,2022,3.8097827,38128.0,145259.3947856,Europe
lithuania,2017,4.5744214,2722289.0,12452897.0585846,Europe
lithuania,2018,4.6711226,2722289.0,12716145.671631401,Europe
lithuania,2019,4.800764,2722289.0,13069067.028796,Europe
lithuania,2020,4.8004904,2722289.0,13068322.2105256,Europe
lithuania,2021,4.962828,2722289.0,13510252.073292,Europe
lithuania,2022,4.606163,2722289.0,12539306.867106998,Europe
luxembourg,2017,15.542759,634814.0,9866761.011826,Europe
luxembourg,2018,15.748627,634814.0,9997448.900378,Europe
luxembourg,2019,15.757939,634814.0,10003360.288346,Europe
luxembourg,2020,12.797711,634814.0,8124166.110754,Europe
luxembourg,2021,13.18523,634814.0,8370168.597220001,Europe
luxembourg,2022,11.618432,634814.0,7375543.2916480005,Europe
macao,2017,3.017895,649335.0,1959624.8498250002,Asia
macao,2018,1.9079933,649335.0,1238926.8294555,Asia
macao,2019,1.8274176,649335.0,1186606.207296,Asia
macao,2020,1.5278246,649335.0,992069.986641,Asia
macao,2021,1.5566095,649335.0,1010761.0296824999,Asia
macao,2022,1.5127679,649335.0,982293.1443465,Asia
madagascar,2017,0.15739256,27691018.0,4358360.212026079,Africa
madagascar,2018,0.14122182,27691018.0,3910575.9596127598,Africa
madagascar,2019,0.15459047,27691018.0,4280767.4873984605,Africa
madagascar,2020,0.14044012,27691018.0,3888929.89084216,Africa
madagascar,2021,0.1475559,27691018.0,4085973.0829061996,Africa
madagascar,2022,0.14871116,27691018.0,4117963.4083608803,Africa
malawi,2017,0.06876915,19129952.0,1315550.5385808,Africa
malawi,2018,0.093806386,19129952.0,1794511.6614734721,Africa
malawi,2019,0.08673756,19129952.0,1659285.35939712,Africa
malawi,2020,0.096544944,19129952.0,1846900.144562688,Africa
malawi,2021,0.104497075,19129952.0,1999024.0288904,Africa
malawi,2022,0.10262384,19129952.0,1963189.1332556799,Africa
malaysia,2017,7.63407,32365999.0,247084301.98593003,Asia
malaysia,2018,8.092997,32365999.0,261937932.80900303,Asia
malaysia,2019,8.154313,32365999.0,263922486.403687,Asia
malaysia,2020,8.109902,32365999.0,262485080.022098,Asia
malaysia,2021,8.3059,32365999.0,268828751.0941,Asia
malaysia,2022,8.576508,32365999.0,277587249.351492,Asia
maldives,2017,3.202953,540544.0,1731337.0264319999,Asia
maldives,2018,3.553483,540544.0,1920813.914752,Asia
maldives,2019,3.870847,540544.0,2092363.120768,Asia
maldives,2020,3.20497,540544.0,1732427.30368,Asia
maldives,2021,3.2992737,540544.0,1783402.6028928,Asia
maldives,2022,3.2475724,540544.0,1755455.7753856,Asia
mali,2017,0.24112341,20250833.0,4882949.90830053,Africa
mali,2018,0.24624196,20250833.0,4986604.80955268,Africa
mali,2019,0.28358406,20250833.0,5742813.440521981,Africa
mali,2020,0.30241865,20250833.0,6124229.57723545,Africa
mali,2021,0.31628212,20250833.0,6404976.39300596,Africa
mali,2022,0.31153768,20250833.0,6308897.53088744,Africa
malta,2017,3.1925268,514564.0,1642759.3603152,Europe
malta,2018,3.1463923,514564.0,1619020.2074572,Europe
malta,2019,3.2736566,514564.0,1684505.8347224,Europe
malta,2020,3.0991688,514564.0,1594720.6944032002,Europe
malta,2021,3.050259,514564.0,1569553.472076,Europe
malta,2022,3.1035979,514564.0,1596999.7498156,Europe
marshall islands,2017,3.1048217,59190.0,183774.396423,Oceania
marshall islands,2018,3.185256,59190.0,188535.30263999998,Oceania
marshall islands,2019,3.2750838,59190.0,193852.210122,Oceania
marshall islands,2020,3.374082,59190.0,199711.91358,Oceania
marshall islands,2021,3.6348102,59190.0,215144.415738,Oceania
marshall islands,2022,3.6353714,59190.0,215177.63316599999,Oceania
mauritania,2017,0.82209283,4649658.0,3822450.50375214,Africa
mauritania,2018,0.8580114,4649658.0,3989459.5701012,Africa
mauritania,2019,0.8608683,4649658.0,4002743.1780414,Africa
mauritania,2020,0.91546965,4649658.0,4256620.7818797,Africa
mauritania,2021,0.96533614,4649658.0,4488482.90604012,Africa
mauritania,2022,0.957337,4649658.0,4451289.640746,Africa
mauritius,2017,3.5034227,1271768.0,4455540.8803336,Africa
mauritius,2018,3.442285,1271768.0,4377787.90988,Africa
mauritius,2019,3.4879518,1271768.0,4435865.4847824,Africa
mauritius,2020,2.9332778,1271768.0,3730448.8411503998,Africa
mauritius,2021,3.1494038,1271768.0,4005310.9719184,Africa
mauritius,2022,3.2697906,1271768.0,4158415.0517808,Africa
mexico,2017,3.7904897,128932753.0,488718272.23914415,North America
mexico,2018,3.792204,128932753.0,488939301.65761197,North America
mexico,2019,3.744022,128932753.0,482727063.75256604,North America
mexico,2020,3.5102782,128932753.0,452589832.12188464,North America
mexico,2021,3.6998608,128932753.0,477033238.6607824,North America
mexico,2022,4.0153365,128932753.0,517708389.1663845,North America
micronesia (country),2017,1.2938673,115023.0,148824.4984479,Oceania
micronesia (country),2018,1.2879895,115023.0,148148.4162585,Oceania
micronesia (country),2019,1.3157139,115023.0,151337.3599197,Oceania
micronesia (country),2020,1.3071826,115023.0,150356.0641998,Oceania
micronesia (country),2021,1.3516612,115023.0,155472.1262076,Oceania
micronesia (country),2022,1.3243006,115023.0,152325.0279138,Oceania
moldova,2017,1.6414043,2657637.0,4362256.7996391,Europe
moldova,2018,1.7332046,2657637.0,4606228.6735302005,Europe
moldova,2019,1.7671684,2657637.0,4696492.1250708,Europe
moldova,2020,1.6990237,2657637.0,4515388.248996899,Europe
moldova,2021,1.8281678,2657637.0,4858606.3874886,Europe
moldova,2022,1.6565942,2657637.0,4402626.0399054,Europe
mongolia,2017,11.025512,3278290.0,36144825.73448,Asia
mongolia,2018,14.322292,3278290.0,46952626.64068,Asia
mongolia,2019,14.618863,3278290.0,47924872.38427,Asia
mongolia,2020,11.254686,3278290.0,36896124.56694,Asia
mongolia,2021,11.4274645,3278290.0,37462542.595704995,Asia
mongolia,2022,11.150772,3278290.0,36555464.33988,Asia
montenegro,2017,3.3254054,622359.0,2069595.9793386,Europe
montenegro,2018,3.800595,622359.0,2365334.5036049997,Europe
montenegro,2019,3.9290168,622359.0,2445258.9666311997,Europe
montenegro,2020,3.8267505,622359.0,2381612.6144295,Europe
montenegro,2021,3.670829,622359.0,2284573.465611,Europe
montenegro,2022,3.6558185,622359.0,2275231.5458415,Europe
montserrat,2017,6.206225,4992.0,30981.4752,North America
montserrat,2018,6.69071,4992.0,33400.024320000004,North America
montserrat,2019,4.8551235,4992.0,24236.776512,North America
montserrat,2020,4.8572693,4992.0,24247.4883456,North America
montserrat,2021,4.773321,4992.0,23828.418432000002,North America
montserrat,2022,4.8447766,4992.0,24185.124787200002,North America
morocco,2017,1.7199651,36910560.0,63484875.021456,Africa
morocco,2018,1.7343042,36910560.0,64014139.232351996,Africa
morocco,2019,1.8935199,36910560.0,69890879.880144,Africa
morocco,2020,1.759688,36910560.0,64951069.505279996,Africa
morocco,2021,1.9592135,36910560.0,72315667.44455999,Africa
morocco,2022,1.8263615,36910560.0,67412025.72744,Africa
mozambique,2017,0.24170442,31255435.0,7554576.7885227,Africa
mozambique,2018,0.23824759,31255435.0,7446532.06315165,Africa
mozambique,2019,0.23447111,31255435.0,7328496.53798285,Africa
mozambique,2020,0.20450525,31255435.0,6391900.54853375,Africa
mozambique,2021,0.22415766,31255435.0,7006145.1718821,Africa
mozambique,2022,0.24274588,31255435.0,7587128.0738578,Africa
myanmar,2017,0.45191884,54409800.0,24588813.700632,Asia
myanmar,2018,0.6458973,54409800.0,35143142.91354,Asia
myanmar,2019,0.6338007,54409800.0,34484969.32686,Asia
myanmar,2020,0.64784175,54409800.0,35248940.04915,Asia
myanmar,2021,0.6620929,54409800.0,36024342.27042,Asia
myanmar,2022,0.6445672,54409800.0,35070772.43856,Asia
namibia,2017,1.7830753,2540905.0,4530624.9451465,Africa
namibia,2018,1.7271277,2540905.0,4388467.408568501,Africa
namibia,2019,1.6802846,2540905.0,4269443.541563,Africa
namibia,2020,1.4791858,2540905.0,3758470.595149,Africa
namibia,2021,1.4751465,2540905.0,3748207.1175825,Africa
namibia,2022,1.5399038,2540905.0,3912749.264939,Africa
nauru,2017,4.6942263,10834.0,50857.247734200006,Oceania
nauru,2018,4.599548,10834.0,49831.50303200001,Oceania
nauru,2019,4.521224,10834.0,48982.940816,Oceania
nauru,2020,4.157225,10834.0,45039.37565,Oceania
nauru,2021,4.270805,10834.0,46269.90137,Oceania
nauru,2022,4.1700416,10834.0,45178.2306944,Oceania
nepal,2017,0.44103354,29136808.0,12850309.57654032,Asia
nepal,2018,0.5191309,29136808.0,15125817.360167198,Asia
nepal,2019,0.47081903,29136808.0,13718163.67985624,Asia
nepal,2020,0.50777215,29136808.0,14794859.642297199,Asia
nepal,2021,0.52033556,29136808.0,15160917.30729248,Asia
nepal,2022,0.5074035,29136808.0,14784118.358028,Asia
netherlands,2017,9.4264345,17134872.0,161520748.57388398,Europe
netherlands,2018,9.148068,17134872.0,156750974.227296,Europe
netherlands,2019,8.783454,17134872.0,150503360.00788802,Europe
netherlands,2020,7.8398657,17134872.0,134335095.2666904,Europe
netherlands,2021,7.993908,17134872.0,136974590.359776,Europe
netherlands,2022,7.1372175,17134872.0,122295308.29866001,Europe
new caledonia,2017,19.63639,285498.0,5606150.0722199995,Oceania
new caledonia,2018,20.755627,285498.0,5925689.997246,Oceania
new caledonia,2019,19.87871,285498.0,5675331.94758,Oceania
new caledonia,2020,17.838543,285498.0,5092868.349414,Oceania
new caledonia,2021,15.763163,285498.0,4500351.510174,Oceania
new caledonia,2022,17.641167,285498.0,5036517.896166,Oceania
new zealand,2017,7.519022,4822233.0,36258476.016126,Oceania
new zealand,2018,7.379144,4822233.0,35583951.708552,Oceania
new zealand,2019,7.4367194,4822233.0,35861593.702420205,Oceania
new zealand,2020,6.764759,4822233.0,32621244.086847,Oceania
new zealand,2021,6.6900215,4822233.0,32260842.448009502,Oceania
new zealand,2022,6.212154,4822233.0,29956454.019882,Oceania
nicaragua,2017,0.84272456,6624554.0,5582674.35484624,North America
nicaragua,2018,0.7910878,6624554.0,5240603.8498412,North America
nicaragua,2019,0.78370583,6624554.0,5191701.59094982,North America
nicaragua,2020,0.7028534,6624554.0,4656090.3023836,North America
nicaragua,2021,0.7859384,6624554.0,5206491.3714736,North America
nicaragua,2022,0.79879653,6624554.0,5291670.747997619,North America
niger,2017,0.103496544,24206644.0,2505303.9958383357,Africa
niger,2018,0.079877935,24206644.0,1933576.73600014,Africa
niger,2019,0.10720992,24206644.0,2595192.36670848,Africa
niger,2020,0.11575344,24206644.0,2802002.31385536,Africa
niger,2021,0.120342515,24206644.0,2913088.41866966,Africa
niger,2022,0.116688,24206644.0,2824624.875072,Africa
nigeria,2017,0.58274716,206139589.0,120127260.05331725,Africa
nigeria,2018,0.5322892,206139589.0,109725876.9171388,Africa
nigeria,2019,0.6263395,206139589.0,129113367.10446551,Africa
nigeria,2020,0.59436333,206139589.0,122521812.56287137,Africa
nigeria,2021,0.6143976,206139589.0,126651668.7465864,Africa
nigeria,2022,0.5891771,206139589.0,121452725.24221191,Africa
niue,2017,3.8751984,1626.0,6301.0725984,Oceania
niue,2018,5.764027,1626.0,9372.307901999999,Oceania
niue,2019,3.7714875,1626.0,6132.438675,Oceania
niue,2020,3.7330616,1626.0,6069.9581616000005,Oceania
niue,2021,3.9075115,1626.0,6353.613699,Oceania
niue,2022,3.8729508,1626.0,6297.4180008,Oceania
north korea,2017,2.0275576,25778816.0,52268034.2998016,Asia
north korea,2018,1.8577725,25778816.0,47891175.44736,Asia
north korea,2019,2.048663,25778816.0,52812106.523008,Asia
north korea,2020,1.9257522,25778816.0,49643611.6253952,Asia
north korea,2021,1.9766082,25778816.0,50954619.0918912,Asia
north korea,2022,1.9513915,25778816.0,50304562.422464,Asia
north macedonia,2017,3.3864532,2083459.0,7055536.3976188,Europe
north macedonia,2018,3.156833,2083459.0,6577132.125347,Europe
north macedonia,2019,3.616904,2083459.0,7535671.190936,Europe
north macedonia,2020,3.2941804,2083459.0,6863289.802003601,Europe
north macedonia,2021,3.6555693,2083459.0,7616228.7582086995,Europe
north macedonia,2022,3.6245701,2083459.0,7551643.195975901,Europe
norway,2017,8.3687105,5421241.0,45368796.4797305,Europe
norway,2018,8.35887,5421241.0,45315448.75767,Europe
norway,2019,8.001257,5421241.0,43376742.499937005,Europe
norway,2020,7.663988,5421241.0,41548325.969108,Europe
norway,2021,7.5935297,5421241.0,41166354.5443577,Europe
norway,2022,7.5093055,5421241.0,40709754.8581255,Europe
oceania,2017,11.201084,,,Oceania
oceania,2018,11.082192,,,Oceania
oceania,2019,10.930183,,,Oceania
oceania,2020,10.24328,,,Oceania
oceania,2021,9.883469,,,Oceania
oceania,2022,9.85179,,,Oceania
oman,2017,15.242838,5106626.0,77839472.844588,Asia
oman,2018,14.373644,5106626.0,73400824.165144,Asia
oman,2019,12.866547,5106626.0,65704643.440422006,Asia
oman,2020,14.400839,5106626.0,73539698.859214,Asia
oman,2021,15.677213,5106626.0,80057663.513338,Asia
oman,2022,15.730261,5106626.0,80328559.809386,Asia
pakistan,2017,0.99897766,220892340.0,220666512.9251244,Asia
pakistan,2018,0.93323416,220892340.0,206144277.37033442,Asia
pakistan,2019,0.9228277,220892340.0,203845570.06981802,Asia
pakistan,2020,0.88294756,220892340.0,195036352.6256904,Asia
pakistan,2021,0.96563566,220892340.0,213301520.5248444,Asia
pakistan,2022,0.84893465,220892340.0,187523161.345581,Asia
palau,2017,12.105953,18094.0,219045.113582,Oceania
palau,2018,11.880807,18094.0,214971.321858,Oceania
palau,2019,12.254864,18094.0,221739.509216,Oceania
palau,2020,11.806878,18094.0,213633.650532,Oceania
palau,2021,12.285263,18094.0,222289.548722,Oceania
palau,2022,12.123921,18094.0,219370.226574,Oceania
palestine,2017,0.6952393,5101414.0,3546703.4983702,Asia
palestine,2018,0.6157746,5101414.0,3141321.1652844,Asia
palestine,2019,0.6650818,5101414.0,3392857.6056652,Asia
palestine,2020,0.6628098,5101414.0,3381267.1930572,Asia
palestine,2021,0.66772425,5101414.0,3406337.8370895,Asia
palestine,2022,0.6660658,5101414.0,3397877.3970412,Asia
panama,2017,2.739981,4314767.0,11822379.599427002,North America
panama,2018,2.5823088,4314767.0,11142060.7940496,North America
panama,2019,3.1614068,4314767.0,13640733.7342156,North America
panama,2020,2.4041464,4314767.0,10373331.5498888,North America
panama,2021,2.6906164,4314767.0,11609382.8523788,North America
panama,2022,2.699258,4314767.0,11646669.342885999,North America
papua new guinea,2017,0.73069656,8947024.0,6537559.65903744,Oceania
papua new guinea,2018,0.8153785,8947024.0,7295211.008584,Oceania
papua new guinea,2019,0.8191921,8947024.0,7329331.3793104,Oceania
papua new guinea,2020,0.7922191,8947024.0,7088003.3009584,Oceania
papua new guinea,2021,0.7986589,8947024.0,7145620.3461136,Oceania
papua new guinea,2022,0.77131313,8947024.0,6900957.08562512,Oceania
paraguay,2017,1.2481467,7132538.0,8902453.7673246,South America
paraguay,2018,1.3037562,7132538.0,9299090.6392356,South America
paraguay,2019,1.2460468,7132538.0,8887476.1507784,South America
paraguay,2020,1.1129478,7132538.0,7938142.475516399,South America
paraguay,2021,1.3819655,7132538.0,9856921.443439,South America
paraguay,2022,1.3299496,7132538.0,9485916.0600848,South America
peru,2017,1.7357414,32971854.0,57230612.0225556,South America
peru,2018,1.7342052,32971854.0,57179960.660440795,South America
peru,2019,1.7780743,32971854.0,58626406.2207522,South America
peru,2020,1.4101644,32971854.0,46495734.7127976,South America
peru,2021,1.6749027,32971854.0,55224647.2886058,South America
peru,2022,1.7891879,32971854.0,58992842.2173666,South America
philippines,2017,1.2661793,109581078.0,138749292.63528538,Asia
philippines,2018,1.3034848,109581078.0,142837269.54061443,Asia
philippines,2019,1.3060241,109581078.0,143115528.77197978,Asia
philippines,2020,1.1841508,109581078.0,129760521.1785624,Asia
philippines,2021,1.253542,109581078.0,137364483.678276,Asia
philippines,2022,1.3014648,109581078.0,142615915.7630544,Asia
poland,2017,8.739704,38386000.0,335482277.744,Europe
poland,2018,8.72451,38386000.0,334899040.86,Europe
poland,2019,8.252866,38386000.0,316794514.27599996,Europe
poland,2020,7.870152,38386000.0,302103654.672,Europe
poland,2021,8.64257,38386000.0,331753692.02,Europe
poland,2022,8.106886,38386000.0,311190925.996,Europe
portugal,2017,5.3462167,10196709.0,54513815.940840304,Europe
portugal,2018,4.992572,10196709.0,50907803.845548,Europe
portugal,2019,4.6155887,10196709.0,47063814.8375883,Europe
portugal,2020,4.048791,10196709.0,41284343.628818996,Europe
portugal,2021,3.8812351,10196709.0,39575824.8752859,Europe
portugal,2022,4.050785,10196709.0,41304675.866565004,Europe
qatar,2017,36.917397,2881053.0,106360977.379041,Asia
qatar,2018,34.50409,2881053.0,99408112.00677,Asia
qatar,2019,35.985134,2881053.0,103675078.266102,Asia
qatar,2020,37.13288,2881053.0,106981795.32264,Asia
qatar,2021,39.884155,2881053.0,114908364.415215,Asia
qatar,2022,37.601273,2881053.0,108331260.380469,Asia
romania,2017,4.043328,19237691.0,77784294.675648,Europe
romania,2018,4.0944867,19237691.0,78768469.9382097,Europe
romania,2019,3.9379425,19237691.0,75756920.99076751,Europe
romania,2020,3.8075497,19237691.0,73248464.5957427,Europe
romania,2021,3.9936028,19237691.0,76827696.6431348,Europe
romania,2022,3.739777,19237691.0,71944674.334907,Europe
russia,2017,11.454741,145912025.0,1671384455.160525,Asia
russia,2018,11.757415,145912025.0,1715548231.415375,Asia
russia,2019,11.698944,145912025.0,1707016609.4016,Asia
russia,2020,11.21384,145912025.0,1636234102.4259999,Asia
russia,2021,11.79849,145912025.0,1721541567.8422499,Asia
russia,2022,11.416899,145912025.0,1665862852.310475,Asia
rwanda,2017,0.094442815,12952218.0,1223243.92841367,Africa
rwanda,2018,0.10273057,12952218.0,1330588.73790426,Africa
rwanda,2019,0.10695215,12952218.0,1385267.5623687,Africa
rwanda,2020,0.10434921,12952218.0,1351553.71604778,Africa
rwanda,2021,0.11539575,12952218.0,1494630.9102735,Africa
rwanda,2022,0.112346195,12952218.0,1455132.40911051,Africa
saint helena,2017,1.9909437,6077.0,12098.964864900001,Africa
saint helena,2018,2.0007281,6077.0,12158.4246637,Africa
saint helena,2019,2.6793418,6077.0,16282.3601186,Africa
saint helena,2020,3.362702,6077.0,20435.140054,Africa
saint helena,2021,3.252395,6077.0,19764.804415,Africa
saint helena,2022,3.2986484,6077.0,20045.8863268,Africa
saint kitts and nevis,2017,5.0579157,53199.0,269076.0573243,North America
saint kitts and nevis,2018,5.1371293,53199.0,273290.1416307,North America
saint kitts and nevis,2019,5.2957954,53199.0,281731.0194846,North America
saint kitts and nevis,2020,4.842697,53199.0,257626.63770300001,North America
saint kitts and nevis,2021,4.669984,53199.0,248438.47881600002,North America
saint kitts and nevis,2022,4.708081,53199.0,250465.201119,North America
saint lucia,2017,2.7711358,183627.0,508855.35354660003,North America
saint lucia,2018,2.8629184,183627.0,525709.1170368,North America
saint lucia,2019,2.8106656,183627.0,516114.0921312,North America
saint lucia,2020,2.698251,183627.0,495471.736377,North America
saint lucia,2021,2.5940566,183627.0,476338.8312882,North America
saint lucia,2022,2.6149206,183627.0,480170.02501620003,North America
saint pierre and miquelon,2017,11.028763,5794.0,63900.652822,North America
saint pierre and miquelon,2018,9.82141,5794.0,56905.249540000004,North America
saint pierre and miquelon,2019,11.080646,5794.0,64201.262923999995,North America
saint pierre and miquelon,2020,10.503879,5794.0,60859.474925999995,North America
saint pierre and miquelon,2021,10.164606,5794.0,58893.727163999996,North America
saint pierre and miquelon,2022,10.293288,5794.0,59639.310672,North America
saint vincent and the grenadines,2017,2.0477417,110940.0,227176.464198,North America
saint vincent and the grenadines,2018,2.2965896,110940.0,254783.65022399998,North America
saint vincent and the grenadines,2019,2.1647418,110940.0,240156.45529199997,North America
saint vincent and the grenadines,2020,2.3459349,110940.0,260258.01780600002,North America
saint vincent and the grenadines,2021,2.2671938,110940.0,251522.48017199998,North America
saint vincent and the grenadines,2022,2.2964725,110940.0,254770.65915000002,North America
samoa,2017,1.1822656,198414.0,234578.0467584,Oceania
samoa,2018,1.1356364,198414.0,225326.1606696,Oceania
samoa,2019,1.2794564,198414.0,253862.06214959998,Oceania
samoa,2020,1.1251081,198414.0,223237.1985534,Oceania
samoa,2021,1.153368,198414.0,228844.35835199998,Oceania
samoa,2022,1.1218625,198414.0,222593.22607499998,Oceania
sao tome and principe,2017,0.6692237,219159.0,146666.39686829998,Africa
sao tome and principe,2018,0.6587496,219159.0,144370.9035864,Africa
sao tome and principe,2019,0.6658341,219159.0,145923.5355219,Africa
sao tome and principe,2020,0.63678026,219159.0,139556.12500134,Africa
sao tome and principe,2021,0.6530446,219159.0,143120.60149139998,Africa
sao tome and principe,2022,0.5816142,219159.0,127465.9864578,Africa
saudi arabia,2017,19.912016,34813871.0,693214356.373936,Asia
saudi arabia,2018,19.615448,34813871.0,682889676.2792081,Asia
saudi arabia,2019,19.737017,34813871.0,687121963.762807,Asia
saudi arabia,2020,16.967278,34813871.0,590696627.513138,Asia
saudi arabia,2021,17.564127,34813871.0,611475251.6056169,Asia
saudi arabia,2022,18.197495,34813871.0,633525243.453145,Asia
senegal,2017,0.7098745,16743927.0,11886086.807161499,Africa
senegal,2018,0.7274772,16743927.0,12180825.1309644,Africa
senegal,2019,0.7945249,16743927.0,13303466.9252823,Africa
senegal,2020,0.6583641,16743927.0,11023600.4298207,Africa
senegal,2021,0.6837955,16743927.0,11449421.9349285,Africa
senegal,2022,0.6738352,16743927.0,11282647.398830399,Africa
serbia,2017,6.0991654,8772235.0,53503312.192669004,Europe
serbia,2018,5.9619856,8772235.0,52299938.749816,Europe
serbia,2019,5.982725,8772235.0,52481869.640375,Europe
serbia,2020,6.1388555,8772235.0,53851483.0770425,Europe
serbia,2021,6.0171556,8772235.0,52783902.954766,Europe
serbia,2022,6.024712,8772235.0,52850189.47132,Europe
seychelles,2017,5.6492124,98347.0,555583.0919028,Africa
seychelles,2018,5.8271527,98347.0,573082.9865869,Africa
seychelles,2019,5.68628,98347.0,559228.57916,Africa
seychelles,2020,5.762698,98347.0,566744.060206,Africa
seychelles,2021,6.2225175,98347.0,611965.9285725,Africa
seychelles,2022,6.1495123,98347.0,604786.0861681,Africa
sierra leone,2017,0.1417386,7976983.0,1130646.4026438,Africa
sierra leone,2018,0.13091838,7976983.0,1044333.69164754,Africa
sierra leone,2019,0.124761686,7976983.0,995221.8482733379,Africa
sierra leone,2020,0.12459599,7976983.0,993900.09409817,Africa
sierra leone,2021,0.13179387,7976983.0,1051317.46049421,Africa
sierra leone,2022,0.13124847,7976983.0,1046966.81396601,Africa
singapore,2017,6.94156,5850342.0,40610500.01352,Asia
singapore,2018,8.6052475,5850342.0,50343640.86964501,Asia
singapore,2019,5.7579384,5850342.0,33685908.8549328,Asia
singapore,2020,9.274892,5850342.0,54261290.213064,Asia
singapore,2021,9.397426,5850342.0,54978156.019692,Asia
singapore,2022,8.911513,5850342.0,52135398.787446,Asia
sint maarten (dutch part),2017,16.876734,42876.0,723606.846984,North America
sint maarten (dutch part),2018,16.296774,42876.0,698740.4820239999,North America
sint maarten (dutch part),2019,16.018604,42876.0,686813.665104,North America
sint maarten (dutch part),2020,14.945506,42876.0,640803.515256,North America
sint maarten (dutch part),2021,14.263612,42876.0,611566.6281120001,North America
sint maarten (dutch part),2022,14.352394,42876.0,615373.245144,North America
slovakia,2017,6.6393304,5456362.0,36226590.1000048,Europe
slovakia,2018,6.628825,5456362.0,36169268.83465,Europe
slovakia,2019,6.1934304,5456362.0,33793598.284204796,Europe
slovakia,2020,5.698817,5456362.0,31094808.523754,Europe
slovakia,2021,6.4554424,5456362.0,35223230.6045488,Europe
slovakia,2022,6.051555,5456362.0,33019474.742909998,Europe
slovenia,2017,6.9656434,2078654.0,14479162.5159836,Europe
slovenia,2018,6.8947434,2078654.0,14331785.947383601,Europe
slovenia,2019,6.6446157,2078654.0,13811857.0032678,Europe
slovenia,2020,6.07037,2078654.0,12618198.88198,Europe
slovenia,2021,6.162082,2078654.0,12808836.397628,Europe
slovenia,2022,5.9979916,2078654.0,12467749.2313064,Europe
solomon islands,2017,0.4440239,686878.0,304990.24838420004,Oceania
solomon islands,2018,0.43906265,686878.0,301582.4749067,Oceania
solomon islands,2019,0.43425184,686878.0,298278.03535552,Oceania
solomon islands,2020,0.41877437,686878.0,287646.90171686,Oceania
solomon islands,2021,0.42669472,686878.0,293087.21588416,Oceania
solomon islands,2022,0.41232163,686878.0,283214.65657114,Oceania
somalia,2017,0.042890634,15893222.0,681670.3678827479,Africa
somalia,2018,0.041368622,15893222.0,657480.6932800841,Africa
somalia,2019,0.039892595,15893222.0,634021.86849109,Africa
somalia,2020,0.036114853,15893222.0,573981.376226366,Africa
somalia,2021,0.03812561,15893222.0,605938.78361542,Africa
somalia,2022,0.03676208,15893222.0,584267.8986217601,Africa
south korea,2017,12.70659,51269185.0,651456513.42915,Asia
south korea,2018,12.968438,51269185.0,664881246.9830301,Asia
south korea,2019,12.472093,51269185.0,639434043.354205,Asia
south korea,2020,11.527397,51269185.0,591000249.3614451,Asia
south korea,2021,11.886425,51269185.0,609407322.313625,Asia
south korea,2022,11.598764,51269185.0,594659177.2873399,Asia
south sudan,2017,0.13647744,11193725.0,1527690.932064,Africa
south sudan,2018,0.16706884,11193725.0,1870122.651029,Africa
south sudan,2019,0.17044018,11193725.0,1907860.5038705,Africa
south sudan,2020,0.15960138,11193725.0,1786533.9573404999,Africa
south sudan,2021,0.17157483,11193725.0,1920561.4639417501,Africa
south sudan,2022,0.1680176,11193725.0,1880742.80956,Africa
spain,2017,5.8730726,46754778.0,274594205.59088284,Europe
spain,2018,5.740303,46754778.0,268386592.417734,Europe
spain,2019,5.318343,46754778.0,248657946.29285398,Europe
spain,2020,4.510309,46754778.0,210878496.00640202,Europe
spain,2021,4.849112,46754778.0,226719155.057136,Europe
spain,2022,5.1644425,46754778.0,241462362.581265,Europe
sri lanka,2017,1.0635188,21413249.0,22773392.8805812,Asia
sri lanka,2018,0.93124175,21413249.0,19940911.471945748,Asia
sri lanka,2019,0.98071545,21413249.0,21000304.12899705,Asia
sri lanka,2020,0.9497855,21413249.0,20337993.4080895,Asia
sri lanka,2021,0.92399746,21413249.0,19785787.68634754,Asia
sri lanka,2022,0.7936504,21413249.0,16994633.6341496,Asia
sudan,2017,0.50376403,43849260.0,22089679.9301178,Africa
sudan,2018,0.51797956,43849260.0,22713020.4011256,Africa
sudan,2019,0.50361913,43849260.0,22083326.1723438,Africa
sudan,2020,0.46190912,43849260.0,20254373.0992512,Africa
sudan,2021,0.48590592,43849260.0,21306615.0216192,Africa
sudan,2022,0.4696261,43849260.0,20592756.961686,Africa
suriname,2017,4.129589,586632.0,2422549.054248,South America
suriname,2018,3.5189757,586632.0,2064343.7528424,South America
suriname,2019,4.390763,586632.0,2575762.080216,South America
suriname,2020,4.806618,586632.0,2819715.9305760004,South America
suriname,2021,6.0075874,586632.0,3524243.0116368,South America
suriname,2022,5.8029985,586632.0,3404224.6160520003,South America
sweden,2017,4.221096,10099265.0,42629967.09444,Europe
sweden,2018,4.136523,10099265.0,41775841.955595,Europe
sweden,2019,3.9936066,10099265.0,40332491.359149,Europe
sweden,2020,3.5381036,10099265.0,35732245.853854,Europe
sweden,2021,3.6805615,10099265.0,37170965.9372975,Europe
sweden,2022,3.6069093,10099265.0,36427132.8516645,Europe
switzerland,2017,4.5165052,8654622.0,39088645.267034404,Europe
switzerland,2018,4.329972,8654622.0,37474270.930584,Europe
switzerland,2019,4.2827263,8654622.0,37065377.2559586,Europe
switzerland,2020,3.9630482,8654622.0,34298684.1387804,Europe
switzerland,2021,4.117553,8654622.0,35635864.779966,Europe
switzerland,2022,4.0478554,8654622.0,35032658.3976588,Europe
syria,2017,1.4983464,17500658.0,26222047.911931198,Asia
syria,2018,1.6771247,17500658.0,29350785.7980526,Asia
syria,2019,1.4268457,17500658.0,24970738.6144706,Asia
syria,2020,1.2667042,17500658.0,22168156.9913636,Asia
syria,2021,1.2763344,17500658.0,22336691.828035202,Asia
syria,2022,1.2490375,17500658.0,21858978.116675,Asia
taiwan,2017,12.053525,23816775.0,287076092.88187504,Asia
taiwan,2018,11.945283,23816775.0,284498117.522325,Asia
taiwan,2019,11.521448,23816775.0,274403734.6902,Asia
taiwan,2020,11.409406,23816775.0,271735255.58565,Asia
taiwan,2021,12.204635,23816775.0,290675045.75212497,Asia
taiwan,2022,11.630868,23816775.0,277009766.2107,Asia
tajikistan,2017,0.7683632,9537645.0,7328375.432664,Asia
tajikistan,2018,0.8830376,9537645.0,8422099.150452,Asia
tajikistan,2019,0.94856703,9537645.0,9047095.59084435,Asia
tajikistan,2020,0.9744041,9537645.0,9293520.3923445,Asia
tajikistan,2021,1.0236204,9537645.0,9762927.989958,Asia
tajikistan,2022,1.0064901,9537645.0,9599545.269814499,Asia
tanzania,2017,0.19965407,59734218.0,11926179.741967259,Africa
tanzania,2018,0.20378329,59734218.0,12172835.46961722,Africa
tanzania,2019,0.22954242,59734218.0,13711536.95652756,Africa
tanzania,2020,0.22962135,59734218.0,13716251.7783543,Africa
tanzania,2021,0.24245292,59734218.0,14482735.578016559,Africa
tanzania,2022,0.23771806,59734218.0,14199902.41857708,Africa
thailand,2017,3.9965413,69799978.0,278958494.8160914,Asia
thailand,2018,4.0539184,69799978.0,282963415.1337952,Asia
thailand,2019,3.95287,69799978.0,275910239.03686,Asia
thailand,2020,3.8034203,69799978.0,265478653.2647534,Asia
thailand,2021,3.7320516,69799978.0,260497119.5748648,Asia
thailand,2022,3.7762568,69799978.0,263582641.5623504,Asia
togo,2017,0.25358984,8278724.0,2099400.29456416,Africa
togo,2018,0.26907855,8278724.0,2227627.0497702,Africa
togo,2019,0.29297218,8278724.0,2425435.81789832,Africa
togo,2020,0.28204852,8278724.0,2335001.85168848,Africa
togo,2021,0.29565188,8278724.0,2447620.3146011196,Africa
togo,2022,0.2910665,8278724.0,2409659.219146,Africa
tonga,2017,1.2858579,105695.0,135908.75074050002,Oceania
tonga,2018,1.2890736,105695.0,136248.634152,Oceania
tonga,2019,1.5359025,105695.0,162337.2147375,Oceania
tonga,2020,1.7403696,105695.0,183948.364872,Oceania
tonga,2021,1.8028463,105695.0,190551.8396785,Oceania
tonga,2022,1.7686282,105695.0,186935.157599,Oceania
trinidad and tobago,2017,27.267317,1399488.0,38160282.933695994,North America
trinidad and tobago,2018,26.801151,1399488.0,37507889.210688,North America
trinidad and tobago,2019,26.83153,1399488.0,37550404.25664,North America
trinidad and tobago,2020,23.074036,1399488.0,32291836.493568,North America
trinidad and tobago,2021,23.289734,1399488.0,32593703.256192,North America
trinidad and tobago,2022,22.423758,1399488.0,31381780.235904,North America
tunisia,2017,2.6475708,11818619.0,31290630.5607252,Africa
tunisia,2018,2.6090631,11818619.0,30835522.7258589,Africa
tunisia,2019,2.519102,11818619.0,29772306.760138,Africa
tunisia,2020,2.342881,11818619.0,27689617.901339002,Africa
tunisia,2021,2.8740463,11818619.0,33967258.2080597,Africa
tunisia,2022,2.879285,11818619.0,34029172.407414995,Africa
turkey,2017,5.249139,84339067.0,442707485.81331307,Asia
turkey,2018,5.0967536,84339067.0,429855443.35289127,Asia
turkey,2019,4.8237195,84339067.0,406828002.09970653,Asia
turkey,2020,4.907883,84339067.0,413926273.165161,Asia
turkey,2021,5.340025,84339067.0,450372726.256675,Asia
turkey,2022,5.1052055,84339067.0,430568268.7132685,Asia
turkmenistan,2017,10.783463,6031200.0,65037222.0456,Asia
turkmenistan,2018,10.512687,6031200.0,63404117.8344,Asia
turkmenistan,2019,10.607364,6031200.0,63975133.7568,Asia
turkmenistan,2020,10.830831,6031200.0,65322907.9272,Asia
turkmenistan,2021,11.033806,6031200.0,66547090.747200005,Asia
turkmenistan,2022,11.03418,6031200.0,66549346.41599999,Asia
turks and caicos islands,2017,8.823379,38717.0,341614.764743,North America
turks and caicos islands,2018,8.737258,38717.0,338280.417986,North America
turks and caicos islands,2019,8.415367,38717.0,325817.764139,North America
turks and caicos islands,2020,8.106011,38717.0,313840.427887,North America
turks and caicos islands,2021,7.665116,38717.0,296770.296172,North America
turks and caicos islands,2022,7.636793,38717.0,295673.714581,North America
tuvalu,2017,1.0130875,11792.0,11946.3278,Oceania
tuvalu,2018,1.0100156,11792.0,11910.1039552,Oceania
tuvalu,2019,1.0008194,11792.0,11801.662364799999,Oceania
tuvalu,2020,0.9911632,11792.0,11687.7964544,Oceania
tuvalu,2021,1.0214623,11792.0,12045.0834416,Oceania
tuvalu,2022,1.0004411,11792.0,11797.2014512,Oceania
uganda,2017,0.13427041,45741007.0,6141663.76370287,Africa
uganda,2018,0.13303499,45741007.0,6085154.40883493,Africa
uganda,2019,0.13345863,45741007.0,6104532.12904041,Africa
uganda,2020,0.124725975,45741007.0,5705091.695556825,Africa
uganda,2021,0.13200122,45741007.0,6037868.7280285405,Africa
uganda,2022,0.12744623,45741007.0,5829518.89855361,Africa
ukraine,2017,4.9953985,43733762.0,218467569.094157,Europe
ukraine,2018,5.212142,43733762.0,227946577.738204,Europe
ukraine,2019,5.020078,43733762.0,219546896.473436,Europe
ukraine,2020,4.7102127,43733762.0,205995321.19117737,Europe
ukraine,2021,4.8276234,43733762.0,211130132.80123082,Europe
ukraine,2022,3.5578535,43733762.0,155598318.19986698,Europe
united arab emirates,2017,23.432226,9890402.0,231754134.894852,Asia
united arab emirates,2018,22.896563,9890402.0,226456212.488326,Asia
united arab emirates,2019,23.834637,9890402.0,235734141.454074,Asia
united arab emirates,2020,23.34033,9890402.0,230845246.51266003,Asia
united arab emirates,2021,25.333178,9890402.0,250555314.35755602,Asia
united arab emirates,2022,25.833244,9890402.0,255501168.12408802,Asia
united kingdom,2017,5.8634415,67886011.0,398045654.1668565,Europe
united kingdom,2018,5.7159815,67886011.0,388035182.98479646,Europe
united kingdom,2019,5.4621234,67886011.0,370801769.2157574,Europe
united kingdom,2020,4.8652816,67886011.0,330284560.21569765,Europe
united kingdom,2021,5.164383,67886011.0,350589361.146213,Europe
united kingdom,2022,4.7201805,67886011.0,320434225.3449855,Europe
united states,2017,15.804429,331002651.0,5231307896.541279,North America
united states,2018,16.191355,331002651.0,5359381428.282105,North America
united states,2019,15.739861,331002651.0,5209935717.3715105,North America
united states,2020,14.034053,331002651.0,4645308747.274503,North America
united states,2021,14.9324875,331002651.0,4942692948.524363,North America
united states,2022,14.949616,331002651.0,4948362527.432016,North America
uruguay,2017,1.8007609,3473730.0,6255357.161157,South America
uruguay,2018,1.9173871,3473730.0,6660485.090883,South America
uruguay,2019,1.8929877,3473730.0,6575728.163121,South America
uruguay,2020,1.8888899,3473730.0,6561493.512327,South America
uruguay,2021,2.364734,3473730.0,8214447.43782,South America
uruguay,2022,2.3060381,3473730.0,8010553.7291129995,South America
uzbekistan,2017,3.409879,33469203.0,114125932.456437,Asia
uzbekistan,2018,3.1522167,33469203.0,105502180.6322901,Asia
uzbekistan,2019,3.2880268,33469203.0,110047636.4386404,Asia
uzbekistan,2020,3.2699935,33469203.0,109444076.2601805,Asia
uzbekistan,2021,3.4149938,33469203.0,114297120.7359414,Asia
uzbekistan,2022,3.4830604,33469203.0,116575255.5888612,Asia
vanuatu,2017,0.49232042,307145.0,151213.7554009,Oceania
vanuatu,2018,0.6038741,307145.0,185476.91044449998,Oceania
vanuatu,2019,0.5416308,307145.0,166359.192066,Oceania
vanuatu,2020,0.6465315,307145.0,198578.9175675,Oceania
vanuatu,2021,0.6588834,307145.0,202372.741893,Oceania
vanuatu,2022,0.6363055,307145.0,195438.0527975,Oceania
venezuela,2017,4.522624,28435940.0,128605064.70656002,South America
venezuela,2018,3.377444,28435940.0,96040794.93736,South America
venezuela,2019,3.024043,28435940.0,85991505.30542,South America
venezuela,2020,2.174631,28435940.0,61837676.63814001,South America
venezuela,2021,2.5394876,28435940.0,72212717.02434401,South America
venezuela,2022,2.7168686,28435940.0,77256712.497484,South America
vietnam,2017,2.4421468,97338579.0,237715099.22139722,Asia
vietnam,2018,2.7153149,97338579.0,264304893.9035271,Asia
vietnam,2019,3.5686002,97338579.0,347362472.4871158,Asia
vietnam,2020,3.7594166,97338579.0,365936269.71301144,Asia
vietnam,2021,3.6171148,97338579.0,352084814.7118692,Asia
vietnam,2022,3.4995174,97338579.0,340638050.9017746,Asia
wallis and futuna,2017,2.1443024,11239.0,24099.814673599998,Oceania
wallis and futuna,2018,2.1662161,11239.0,24346.102747900004,Oceania
wallis and futuna,2019,2.1855986,11239.0,24563.9426654,Oceania
wallis and futuna,2020,2.1960785,11239.0,24681.7262615,Oceania
wallis and futuna,2021,2.2964647,11239.0,25809.9667633,Oceania
wallis and futuna,2022,2.2819076,11239.0,25646.359516399996,Oceania
yemen,2017,0.32278353,29825964.0,9627329.94557292,Asia
yemen,2018,0.37647876,29825964.0,11228841.94252464,Asia
yemen,2019,0.37522772,29825964.0,11191528.46852208,Asia
yemen,2020,0.33713207,29825964.0,10055288.98306548,Asia
yemen,2021,0.3513444,29825964.0,10479185.4260016,Asia
yemen,2022,0.33701748,29825964.0,10051871.22585072,Asia
zambia,2017,0.39600998,18383955.0,7280229.6518709,Africa
zambia,2018,0.41597956,18383955.0,7647349.5119598005,Africa
zambia,2019,0.421688,18383955.0,7752293.21604,Africa
zambia,2020,0.4302868,18383955.0,7910373.168294,Africa
zambia,2021,0.44487745,18383955.0,8178607.02131475,Africa
zambia,2022,0.44570068,18383955.0,8193741.2445894005,Africa
zimbabwe,2017,0.6301651,14862924.0,9366095.9887524,Africa
zimbabwe,2018,0.7118298,14862924.0,10579872.2183352,Africa
zimbabwe,2019,0.63664466,14862924.0,9462401.19658584,Africa
zimbabwe,2020,0.500945,14862924.0,7445507.46318,Africa
zimbabwe,2021,0.5249723,14862924.0,7802623.397005199,Africa
zimbabwe,2022,0.542628,14862924.0,8065038.724272,Africa
